dea6668d92b052edca332be930309a15,52
c08b0cc6b4222c005315c126d7be5ad4,47
be180e1fe2f1de2a3265ac2657541610,42
1b6cee382f17e3eb4625957d066d056b,40
2ee8764bbc2f77d744a673f8edb2494c,39
832fee4151442c0b4a7c2ac89adb11c7,37
e0620b51a81f6d1bab479b268a43d282,35
59c743892b41073739ff9bf054c13a36,35
63261fb6682dae8e531bd2260e4c81a8,34
2e77c43dbe29676a41ec2cfac3a14d89,33
6281e7b405cf60495f98791302215747,33
ce40f27f30c3263925a35fc5daa9f6d0,32
2506b0e593f17b899d3bc9b295211130,32
39d0ff400eac57ad7192370e2b7f39d3,32
35971dde3c6606fee6f25ec4a791e2be,32
dff04587aa7140c1d771eb04ffc3a024,32
c63da1330cf64bcf2a55825ebdc57049,31
450699b2b7485cf7f02558f88aeedc53,30
de88363dbd15fae74914cf93803b3f50,29
6b8ca3b3c4d90b553119b3f93a87910f,29
fb658ff440b84c45f4a39f18e6cbc2ab,29
e9f135a4e2d0824df05e9cedff0c9490,29
5f7b1ed22d2e5b554fb2403abc0c2af3,29
0b891225070968d08f14036d4e7f855e,29
80cfe9c2ec3aab3238c119e5f6366f55,28
ca31227bbda0bebba0a76d63193bff51,28
7631e541ca47d85b5afa32a8699f282d,27
a8c45301872b2b4d21ccf52e16e7825e,27
c91c14ae5a104490c291cbe329d5a3e2,27
5292ed39a5c3eaa10a6a757bdf5bc7f3,27
b3aadb90e127a5c1119f5e1513bc630c,27
001248cb81ba9cd30ab3d398be6e13c4,26
de6e1ea0e3879a96e95cf3db4d528bc6,25
12e382a24e5be37f88c61f8f7ab7ca23,25
458803c7679e295e3c3990f6475c10c6,24
559af78206dcf5ea2694f4e706ce36d9,24
965e28e312f951c76ec178a330c43e27,24
0dc067727591b27f627b8324d43889df,24
d34c3b4e34663c076b82d6eb97caf867,23
2e1dcf4aafab54853b533798140aa4a3,23
adf22754072e124a6cc7ec0296316f71,23
c42883bfaf894452f2a0412de5015d48,23
2e40293fa026a78d56ecac71da3f965f,22
9ed5d3045ea57e3031859d782041212a,22
ce3875d08a12496739c70a949fb08b17,22
cf9d0864ca679391fdcc8ea154399322,21
4e5db00c603ffb44460e4fbf762f2f28,21
09871d6419a73f83bbd4c8b9501d8642,21
fdbd3e4df048a5d6aaa7e733ce86256f,21
c1d692d5cd78e36da0198f792727d5f4,21
468f077b09780d8e5856dfbb644d53ff,21
9e5ab437f741d1f4f34fc6b8f3ae8874,21
d66e3fa2329e465ff913d021aad4fb89,20
6d2c87169e9b07e1b8e710b8cdc740ed,20
9eed34955fd7b9fb3491656d94c2a89b,20
87f0c13c18fac8ee54b8d5bd845d15d0,20
afd7fde6c8b3c9674e74fc7a7514bef1,20
ecce96bd50a75c18f7b87a38bb4409c8,20
b4a2e702cb42717aba40beef4e482021,20
93f240096ff70784a47d6d352129b21f,20
26c1124b22085db0917c882bde8f50a6,20
386bc798411f9c9fd0d4cf721fc7b8e9,20
bdf7f242c95a1d8bc2cee60e2ebfeac1,20
cf7700be2574e32d69eb6cab1aa4e68a,19
cbf2a9e98a56222c19b25a65659ce451,19
199937f78ead1bc1f7e59855f40d6aa3,19
2e8e8e9336759ba6a09074f1b77eca5a,19
880ce7c679b06d3fff150d78e7defd56,19
972f11c1043cf869cf5092bef9ae20b7,19
8f9f00bf6f21c8d104a6cdc4e9d820a7,19
eb6f091a105e4f581293e58fb17a63f6,18
2774ffab84e4a1ce3d817db8a612f18a,18
2f28ea5b711335a4e8401bff29b061e9,18
3f374d28e0d18a9fd5de34106d6a5104,18
46b130a52fc6174856970656f9fbd0da,18
7d2371717f8ac8e8bb96d0f0a32fe82b,18
1891c1cb8e0f715e9f67798464ad38ea,18
2f3f4c02f98185dfc04e12d88c0fc7e1,18
ffbc9bcc930456eb00d0929009495022,18
75e6f4117f3bfed1a98e57aa0182a1c2,18
79d53bdab4c7bfdae7dcb52aa84be75d,18
3b0ff4a4d7cbb4d73f28e8467a5ab3b3,17
71b641a2a4d806911e37833102c9af55,17
71bcb9f7800986c04eaa008d5b64be39,17
dfe185e922291a631823b0861e7047a5,17
0298c79aca873b4bf1ef3b9d8986be91,17
3cd9393729f00a2b2c9cc48ec6d70197,16
74317145416d68beca6dc595de821cba,16
b9d1de84aa2dbaaf28f38d5f63f7b155,16
c8bf3b0409f235368949b73d48e0acf8,16
33a328748c7bbc173764329650e1e411,16
ee0e0ac8d7d77611f7b5158cab8d7aa7,16
c9bdf372f58f6af2feeb37eb33524a81,16
acfc72a1ecf70ab23bd36b9e8af8e27b,16
213b079929fb11a5ffaa651a98a3ca83,16
897de4105a37886851c37b533589ea92,16
834bc39c5f5033a75b94db16d9b03c26,16
5033d8f57bdda60a6bdba0bc553605c5,16
4eb44bb495172a3b140e1682f9d8f518,15
c4f4686e32d1e58927dab80dfc0f8a2f,15
2204c772958e70b66726822e96d24919,15
b1e4c5814b817ee530d7217ef329c3b2,15
1b854d269525dcf3d6cddef379b4445a,15
ec489568acb0ba758b173466cab15755,15
070dd69c64b73a59651ead205cddda34,15
b776fe281f4a26c2e512f81aa241b239,15
1c8f849bf68e57c0242b4cbbb5aff388,15
6275854d20fec4378ecd297d03974e6f,15
65dd61169abf50fa0f1bd5371c7025e8,15
ca3b63ca85756151cf75db1737c86822,15
36d111ea19b8faa45b5f51c31af4be94,15
0b72eac368cfe445c5b6b2c9f7f52306,15
b06512129e9682a9ae151840d7d34c03,15
0f12ff7eecb4fc85b233702ca439e3c0,15
9f7ed9af2572a799fa10767f910cfa48,14
94b4a0e8ab366944b4241a3d97124adc,14
b4a1fa362dcc800f8a93038d65e9fc46,14
0576b61145a9d031ec28c79514ca7b08,14
b29e6c69a53e9ed90b6c44b9a4f5daa0,14
6dcfb73ebe5c9891f4e1941807d89f45,14
ffb24bce9fb591b6db8a8d70aa00d8b1,14
054134ea1e8a6336003d2b40ca981b3a,14
38c53152739c086c89b93df5c1430580,14
1e981a6bed819f3f7350f410739a296c,14
e35ab5a7fb0105ca354534fef2b75860,14
67a2eac7fc3b76b593cf305fb673ef29,14
174ecde0d777f30b503954479ed62627,14
aa79ac2e9f36263be9714519ec67ff59,14
fdb9838343ae47f24615c25927c8d0e2,14
5aa85127cc2e9eb6e6036d5cf3e9d4ae,14
d68801a7c13e9c07557f1187468f33b8,14
11310bf592eadf4ee2411ef99e76a33b,13
be87a1bf8e9802d552561c8ea37dd196,13
7d461b82d1529f02ea277ac93d5972bb,13
0a85b79f6c3f5b84852b415978b07332,13
b02b67fda5583de74ac63fc154b1ed86,13
a843f8afce6acef973afa39450f4baaf,13
8fa78dabe8ae57ca4fb9b897b7169779,13
0b93a3e41c946a31702f2831d8ba054d,13
a1691fbe57038e65afba15e1c8422fd1,13
a5f4542360e4a32e20f54880f2aa4b8b,13
14568419d9f4a687624cd7545fd476c1,13
ea0f3d02fdd0b3cfc397db379d7ece12,13
2e1afd2bd54401b77d80212df086836e,13
59452e288c5e86773c4bbab09d434f74,13
8a597f109ceac593dd5ecf65fca882c5,13
3d4830690dec5532be42058cd5c5a4fe,13
b32de5766cd6293419985ccfb9e75708,13
120eba067fd3be10878e58594a072b58,13
82eb27f3011307abc70a6a7fc719ff4a,13
430562d3ef053945e0a8b88b4678f6d1,13
d7aeed3751dc52c27637512213368d89,13
f118ba8058641a983f5b913f6f782812,13
048bc82fe36d61e111d0a2629d140b8b,12
dbb6a96a91fa08ce05da07dbb92c9623,12
d599401851a787d270a44f6fadc244fa,12
30ad66e1066b1ea07222560921d4ffb6,12
81e919230e906d2da21eb4c0eec1bfa8,12
d4734d2ddc588ff4611f5f9c44514b3f,12
ebd14fd24d29333cf26f632595bbf1a7,12
e8709bd3d0a532dd7c9fbd7f839caf6e,12
de8e58a1b046788d16134756b1a6893f,12
60cd48381d879b9f6da97494e14d0072,12
cf462aaf4b61c6a6e176e3056c32412a,12
b6ccce3780bd40acb71b5b0c4a4897a3,12
34fc396a6999588829f14e106f59d490,12
5b0089a00239211d2303e20d369eae6b,12
6d8a8e2c33fbd25c6b77588911957fbd,12
579587f83dfc7a03eebcdf48ca0550d5,12
6418e393899e14eba09cb070b261e298,12
3faa493ab79b8139ebe4692ccc11e99f,11
c80fd42413f0fbbf889f775273245e2d,11
40917824564b924aeecc12de213c64ca,11
02c2f7ad6864b79c03e685de1507d584,11
038ef76cea0e425dceeee836b3bcc126,11
482dd96abc43b86d5d229ccfe0e40b00,11
dc96c935c772cb92d6a0962ac4c0138a,11
04624f4609babb99575c2a6e7f3dd6a7,11
5b759ad9fc5178d7217990249fb7944f,11
40ebd70d77e48dc00f00f5196b0744a4,11
cabd3985aee30341f82a0928632b12ff,11
c2bc528f5b3a94b519a139d3c8bfa395,11
280d6fe509156c335b7e0810e018d4a2,11
f858470e8788d58af1a3882cf26762b0,11
dfffc07a5f4c32dfed82aff515421867,11
1316639a00b754307b74512233951886,11
0e5f9509a0a34312ad93ace8ef9c9ae4,11
5c97ff92528b20ff4e39fb3239d6a75f,11
af967f25b4b29a3cd66b3df7a4bb100f,11
c320d3e4f77f3e59624d4a1156a1dc26,11
ea5ca7e57d9116005b178567ec248c65,11
e4d2052ffb246110dac3814c6248d862,11
63899a5a646a2664fc18916467c7788d,11
d3c0326b99521860cd3367630c59e1db,11
9dd9d9df781595599398baa9d786e81c,10
08ea0e141cdc7ecc80ce18bedead47ae,10
de14680d778f063f453aae3d3e933298,10
9a0aaf2e05fa219b9bd0f98fbb6f4b9b,10
d593ba6167b28f9699d57cc867c4dcc1,10
db30bcc999f189e296faaa3559b5279d,10
ece0a27ff4512a33ae0185eda7e737f5,10
c07a216e7a23a3dd40155a2c0b7b2559,10
5d376013d18a67425aa01202cc635d1d,10
49bcfe6bc7f673f484d54d0d54d5189f,10
9a5f7305a3ce908168dec72b1a47a83a,10
c1d5dd552e4d637d2c1ac6b4e9a8eed4,10
8948976c4417430d380c15e238ddea90,10
f409ea71a7613b6069a3b054e983acbc,10
853b1891de97549b2d5dca3a10ed610d,10
17822bf80b6967ab0973ec1175eb4ddb,10
0b634beb868c137c2efa4e7d6771039e,10
a4b00918373ee674873da43ab4ca48f4,10
9bfa6ef36790c681a9ccc5ef460397a9,10
5080a23a990c064d5c2777d8c2f75685,10
3c61aca07d9c066b02390afbb6df4962,10
a18a49c0b0a71dd2a9a03a9942d55b30,10
a50124ee5a910f8fad8bab2b90315a2d,10
7ed5c799fb284b4ef92c316980992971,9
ac7787f98aabc4e8e303acbf1facab3c,9
e708c238b3dee36736d90fd40982719e,9
55e66b8efe7b1dda63d99619b1bae971,9
410572a0eba9b9f5eb4206962e24c8f4,9
0f72577b71830c5184d0da6d3d52d58a,9
9f4a326f2330c17e95fa09d19189c397,9
0c8c92f5b7f7bff1a26c9d589ed8cae8,9
8d3c7ed29531e9ec03b40bd59c251514,9
3a41713cef1be0cc30fd839ecc9b5ebd,9
dea3da14190fd8bf6973733d3a5bc50a,9
fa180c339bbfa769310008c37e1a2e1f,9
eb35d3712bf116286542439f9c631ed5,9
db5596849aaea6ffa601ad42075aeaa1,9
c571e53550c157ecf2ee3bdb465b5c3c,9
de9c953ca9c8ba38a58c2a7bd005cb4d,9
982302818a4f52c56c2d1637e43082ac,9
85f710f8e6cf5781a05f00bd20aabc80,9
27398023ececf85ba050f521c9292756,9
2cdbc29e1ddf2bbb5a36ddb4e2f554e3,9
dfc3676d23bfaebd44e55605e888ae07,9
7b6d99d892092a7a220a7bbd613f0425,9
e0804b1a63fca698c88acaa0962ce06a,9
4fea7446877fe708cea47dc016ad4c37,9
a62bfc9be47a7906f2b3518b6fd093b1,9
bfc6c498087872f12cdadf1e85ff03b8,9
c0d561f863249b3005f38c35bc3ee2f2,9
331e382ba913f32e51341365af1ce26b,9
94d752549d1e881aa27636b7494277aa,9
eb175a50fe205f059cc5e40e41b00a0a,9
b4f685babcb1bb372fa0fab3a6fcc0d8,9
4880a57362122f777992e602dbd7b991,9
ffcc8cc0a89d6ce6effb586297a2d302,9
2d968854c1b7d9205d13ba7d82dc3dd2,9
e587eb931b1a2750c58f342c9ae8aff2,9
8552732d4a3d23b0d5d4e2394b5d3b16,8
536545a91b772f69e3a6457a87f5d34e,8
85b52253a7262846fa8ed31c2851d863,8
789c3e3d38adbd1353b493718d6fc3a4,8
72dcc0fa977828c9203e3720b856669c,8
2457cfd6607600ff246f7d9e48ef8c14,8
ad9fdc32ee1ca254ad7ffeb8226803fb,8
4518e4b64ae9a7296b17bad3139bc814,8
c24af25241e0727b48abe5bf596ea938,8
9f4ea657db2ba606d9cf5254876496b8,8
14ab8c8a636e1f311c504c6a43938f2e,8
561f4641f4a599c581f74f3fc0b5718c,8
74087fb31acbd336937b734cfb312464,8
e6a7c6c4062e957598d71531759b76c2,8
1c8b9c97de538b5c26237b0e3b60e8d3,8
56701882488c3808980704d3fe99297c,8
b9a21f636422f2ac621126a16debdc6c,8
1567327be6a9c882ef5a2b4a4d7f98d5,8
2bf3b3deee04290abcae79930cb5c1d8,8
4ab176c5c2c05ea4d56a779caf4fdde8,8
9bd439c4b436ce7c4be9780012727a84,8
4880c86563257c780e8398251f6d6924,8
9f1f0770bf6c8795a654b549bdcf3b3f,8
5225ee3a8628b375a1a15dc5b4458ba8,8
6ced0200c7a4dbc8d27dbf70ddf27ab6,8
38024e7e2041bf598bf539c546e2d4b6,8
e60f8c42f7e630163d91e075816b5c52,8
b10e7a6d5aff395670fb3f7a830e1d31,8
1a47a046d7e807cc998d37b52b037b87,8
00c4de9bc3e74098a1ed2cbeefe7c06b,8
2613f50130b4f7a2385c4d5f8d3a8fa0,8
fcef5ea2d3ec01123d79274155591b99,8
bcdf93b3a7b9ca93a9912070f155aaf5,8
82010381c2d45dea94e0d1a14f141ae6,8
d86ae8f79ee8bac9ee10ed7827db5097,8
0ea19761dbc4a24af0399ed959d783eb,8
a024ab1e608e0e88c546a8efd59976b8,8
683d443c3ae93b717ff105e38ccbc80e,8
5d36bebddb7f2c26585d0d24bf3fc466,8
f4addb56e38b17ab30003fb5c11d79b9,8
8cdcfed181d63d54c2be3ce0d7f6a446,8
95566dbeea16862ed560c8c11b1b8a34,8
1721dd15444bf3417de6b4afceb10650,8
fd638312e15ab5a931eec0b9d2ce4a32,8
1d4d09619aa6428207d6824412b756c2,8
d26d9c17169b726cd9fc36ecfd14b2fe,8
1be2461315f99c16f31597dd3822369f,8
b658a9dc641ca8e61fab47bc6f9237fb,8
9bd24eb5f58eec00cf6eb6cc85657be7,8
005372884425448d0c535b8938e6d0f1,8
c2c366fa8584a0bc7d4b54226c4a748c,8
08d6d9eb5897f0d8071eaf5a1ff63c8f,8
3288ab16579381a33d863fdd23f3c2a7,8
4edf58b53ca36cf5a91a4eca5d216d32,8
90f95937122eaf3f1288224067bba289,8
e5540fa170c323b0d9922c6f75f63660,8
af84dfe7fc0ec876e396efad73702694,8
182399ce2b6da109eaa9d9fbe1f167bc,7
be33cbff0df978d08a0f03434032d79a,7
55b6e1259ec70686132f633db31b7009,7
bfb9d204de66a1cf8735b11e66a0b6f6,7
98d06e3ac2381a20c876b2974ac12abc,7
4922d283b8263f7fb1a6802740fcace6,7
23b68ebe453fcc42daa415cf15c14443,7
c0492f78f76e14521f6ec68fc0cdabf2,7
9817420257948c832ad2d9a767922973,7
b0ace5420886dfeeae58da93fbabf2cd,7
4d78009a20892cebfe5c6b8d7e0bc78f,7
6fe382e659442325010c91408e35954a,7
c2784c2b1b7b18c6d3f88bda02bbf461,7
5b15633da04b60a3e297e8bbef0b7030,7
a7441212a3322ceaa428f8df051c83e1,7
1099c7d1171c3fc567b340128049a120,7
5923d875fcb8887b46d8cc2c513cbc42,7
0db84a88b8fe8fa4c584b2faceac170e,7
186965d7af47efac876ada042ff3de8a,7
19c6b57162cd025b85ec0e0e3d24b239,7
09434b61f3cb0eb06d2e65ed3bbd0036,7
8c1d8f6124165dda920d3de271be67a3,7
74906d5ef0823c92df3fa288c1c9edad,7
52b8db67618a6e87629f9b7eb1513d7b,7
d007db64c1b9a35c4a28d1d407938c9f,7
ea98d7ec1e5084618c8b97dbd4d11d15,7
b86112914d855bd7f2c60a25ce72b6ab,7
c802d88492f1933d250801624becacb7,7
b11bb61a6b827c0fd6b94a6cf21ca86a,7
35b80ce0ee596a6a30db3bfe180916b1,7
318df541a0ea80fb32bdf6d3a12fe6c1,7
a39cbf68e243e78e9b9f01f59447cde6,7
beb473cda07ca9cba855900f61c34f9f,7
ab738e4984fc25ccd71d585e06e90545,7
4387bfdd73f9cc72da3c3adbff3b89d1,7
4f5badcd28218cb4f23bd2b5966f0ad4,7
f7e4927519de7692848eb22e993e9644,7
80e9530f2de09d229f2776c089ed0c20,7
69bae5fff09c0663f450061d441b752d,7
c9f3f507612583edd6615da618d67a32,7
2d1808af3c5f4c91a0491aa6ef13ddbe,7
6eb68a1ce0d06d5a082420bd375015c5,7
5c6f119ac2553892d2c322080585b3cc,7
e64608e75bf8e6f3465c55069f20dc96,7
ddcd589ef7492b7c4d08452078d2cc71,7
00935a3b6fe83b716348f23f25b713e8,7
4dd3829be5a3194c510d72fe59b0fb35,7
307e2f52c3500a5864b645825ca197e1,7
ee72e484c4caa7e46d941e28ba43f122,7
f2bee3285c5ea942ef2a157e90ce4cb1,7
9333ead7a93091567e12f28198c45005,7
f74f9816d3bc81c99d8f406c2db87949,7
9aab7667a198390078a66a78f25c45b1,7
6faeaa711fbd5aacbbf9348184b425c4,7
bdf10ea77bb6010a775a9f474b5917e6,7
4cd80294e041df3def7ccacf94faac87,7
e7d63dd4b697aa25ba102e4e4af9c5ee,7
680a53347b35323a2e47c3cb0b8c244e,7
53487a519551327cb0988cb7bb216d47,7
2983f2d35ccba1bd4a20b025c9b73e28,7
d3a336aa7540d8a00286eb6e7e337e56,7
35de068e39d7bfd2d9efe7183ed8f109,7
8c345daacee7701656f3ce8a003fe9f8,7
2b614316c12338c379a3b93f32b4ddac,7
f6759975b72e1dfefb7897c4c6bcad7c,7
af392d75883b14d3e98cde98d7645238,7
d3e01d7e344c04354579b789580bd90a,6
5c6fe7d37dd826a301359ef38a0d7e81,6
e8368e3de97c26fa3f1f93ee208032e5,6
5790fddb8ca94914e8b0b54b9eb2de2e,6
fb0055a66dce4c8d04acdc181c6d7054,6
2c0acfefea09d82a756d697226b1570c,6
0996c13ee96e0b4a967bf27a025db8fb,6
a601624ab0bfe15fc5c646cdcfdac3ed,6
5ba745c9f77e5ba77493186e1410cd4b,6
9a11da8fbe291ea10da672bbceb0368c,6
b6e42cf50c8303a55b50d68703ac579a,6
2df023c6bba5045f4fa2a7b1fa55ec66,6
7602fbbff962f223112056ea84fffbce,6
59fcdf9b5324845512a3bafe58473472,6
b44b465c37ef62d6349f32759af3f91f,6
7c43426b76451db79ce516766c572bf5,6
000d23fb1fd210dfee5f922b19d7a6d0,6
cdbfd38a4e0c4b396ca64d8bc99a3121,6
fe896ab3d31bf4e64ed57d06c81cc053,6
5314a40c2b9854daa1ba674da010b537,6
43ea95d723831aa24191e01bc8070dd5,6
a9f6d66c1e94cdce58926202e778eb92,6
8f450c9382552d8ac37d3a7fffe5cbca,6
0273e1e13332489d0e4c6d328e2e5017,6
56878d0374e7215835c1eabcf4a43094,6
6c741b5ec391a38e7d2fea6f21602b5d,6
1e0e54b44f3090efe9a3a21e278e6b45,6
f452a43fa42f71528fdb631c55273f5d,6
bb68fee3baaa6dbe62ec05495706d9b9,6
0dbcdfcf84310df95f7298b2880c0b2a,6
c552705239a3f19539562635a23ac430,6
1b448dc1487467c075c36fbb878e76f7,6
92c179450bff2c830f1cc6e3b1ba5b86,6
c9a9b345faf2428241e56044f8c9b235,6
aafa80da27578c0668b15f8af2ea0704,6
49818b545856f58cbd343e2227ac8a78,6
d1f0af97fb2f5664f87125726d902fe2,6
a67e43527732131d96c61a3541bea2da,6
0ea4697e15d345128dc8d58bcb187d4c,6
f1717d9bb8ec8dd3f9274ead42a5c751,6
b34e37ee3c99842a413606df7e354ae8,6
4af4c41c27c62c9099fa81011b0c0832,6
3e8880c95faa8e176cbdeeca402a265d,6
922f0fbe44d1f42699925581cc6102c5,6
a849fc53159201a269dcb9ba02f17843,6
f064000e8e3d6798365af94a6dfaa925,6
635267dac09695497e6aabfbcd8719a7,6
6eed5bbea96936677932cc056111be27,6
800bd907b475eb7a6bf461037fda6ba7,6
3a630f5b46e5371e4f320fb48fd5d659,6
1fd106df1395bc9219274713d46bb588,6
89a7a57bd6c170bf7b47eff6bb3cd141,6
a289437babbb6b7a53d7b84a9f4a3639,6
6e7720aa11b82d533b7635575dab6651,6
9c4b12197c8161185451e8c1ff004625,6
93cc9f90f6b742ce9aec356354fb90cf,6
3dc5afddcc98b4295789d8896ffb5f7b,6
95bc3a75780ccb75c6af905e48ab82b1,6
ec2dea9e1a2acb7e4cda814e15a51883,6
92247875518c7bcb1d39f5a48260ef16,6
0949aef2ee399a1e27fdf0ff3b6311e9,6
5561b99d430bcf3e768ceaff4cd23c12,6
fe6fdf70b440219a8a79c20de6406c96,6
705fb951d5df70b5544682ad01ff9c76,6
28144dc996de3b21039e6d5aea060a1a,6
3cf15f0934327b164f560c5ea273e17b,6
99b6078f9e289bddd3442ab27f1a0fcf,6
2dc2eb713932b54f0b20172c194c6e7e,6
aea988cd61e2ea032d8dc3d1f69ecafd,6
37ae55b66fed809e6f0c10512db58913,6
c3cfa1a109ef7516ba830366da2e1d40,6
7d6ad968ac762074eccfbafebcb3dff6,6
a68b5974d631c4bf7ba24fd1bb40d9ec,6
e4a482d2e52f3ae78b60b15f328aba1e,6
4bbfb8445f6adbd8cd86f492b3819325,6
f2a462dba45f6bf4c098f821c5b5e9df,6
d9cab1bd82f3cafac054f24b89f04dd2,6
47d2f7d86ed52f2b2ceb2dc0dfa7e0d8,6
97f37260a1284a9b6a9c65f5beec84f6,6
f42ec28f54fa9246c500f3fdb8f3709c,6
d0edfe4dd798149fbbf2ee1bdd8ab070,6
54c13d5e4efeb4d7a7d2e6642416ac56,6
34bd909b54dc12aa02f95fe488710e45,6
38947029fa4dd217d592721664f5e09a,6
a4d1a607ff0571fad5dc79b6f98f77db,6
02801c1652fb65b2d2bef0fefbd3e5e9,6
064d716f54096341d05c0d37c2a84994,6
1dabb5455dd959681c1b802acb0a2467,6
b2f7b46ec66f0166cc56ae4b1cbd23e3,6
7dd2e8b75495cc8af12721bc4091c94a,6
4708f4615b7867a95fca89181c3daffd,6
31c2250d2698faa88f3b2d5bb607b2c2,6
fdd096a97288a8b056da1e6def71bea2,6
6b26989cb9f3fc1648781d28650c0186,6
e35f42d8fc4226f75e7440da1e76eedd,6
87347011edded1387ca0cef5a7bdea28,5
70ab3bc5fe4df063bee22af464c651d8,5
19de8699b877e73e09cf0791dee40d4f,5
7f35a3e0cf7e1e83112068aeb4e56137,5
67b0e4ba5b1410d8e34fdf66db0c712b,5
2d2bb935b22ae20dc41ca25447d28ab4,5
97f5f2629f43a6659a1c132be04192bc,5
09562eeccd507882deebe3adda20d986,5
2fe4712b792aedfaf49092f10e01c1b1,5
c1994a4d54e4a0c8c459ee17d97c19c4,5
b2d692a1439d6da6b72431943884f48c,5
bb08123570022144cb02f690f6cd8379,5
0994b98caac5d650fb743991430b841b,5
e3e764c48668903a80a3c5984dbc481e,5
3f0a4d63b53981214832d1ed8c3dded2,5
71934b5fad9502365cf789b77d2603a9,5
71f31a95e59cee0891b3bae32cd3d57f,5
90585a856d88db6713ce66351a7dc55d,5
f04a3d7059a4b1a8eb9c41999fc70971,5
fcb61c601ea7c781d459546ca0a33da6,5
c4695f6f1a2747c3811df7d33b609e03,5
6f55ef161f1e3b6c912311bdabc8e480,5
cfe1433e79b95050b4610091d560cfd3,5
587d8e150e6714bfb8c54cfa962544b9,5
3261b5b0955aa1ec87df5f2ab5d7800e,5
473f732478def779e101e468e4207096,5
c02603b1a56817f37619f4c0efe99d27,5
9c1a6a4757df984284eef1b12aa2c505,5
85457a7536fc97939d15a5ab7b1fe0fa,5
758d3a3f909e62e7959232f6da99de47,5
28846bc9e337dddcd59993106c9b43ab,5
f14c41d14b379a7ecc2996511483c49a,5
2496c82b0ce7fca751119f1a8df321dd,5
0478b501e649bd09584ec1a41609b0b8,5
1b738d52147f7f5c79a081581130af62,5
1548d88606bbda166d8121c7e0f2f787,5
1205038559575be2084e047fcb326f95,5
76634693c0d97cb874b3f0c43e143f29,5
ee1fb0766b460b90271b78971efe3647,5
2d4a066209e003ce57b1bc403531fa60,5
f4d35be4445cf779cf742da438b49bf0,5
e10e59c0fdecf7d15ba8b30c57b2d1c5,5
1573fa6deb390b1dd9cb3d41e075b53e,5
6a8e44930d9db1683371ec213e098f6b,5
477dc147ec5d1ee159fee68f9676400e,5
ba0a5cfe09c45d4f3e2bc261227cbcb9,5
75e243224ff65732631408179c676165,5
4a1d209b6c390600ca794594902610e7,5
c0871f8c19363f42715808240aec6462,5
5ec97faec9027dfa17860efd618343aa,5
db935787ea6d790b55ccb5d9c842f2be,5
978edf82d3564215f3bd789d86a07460,5
f246176bccb99dc27771b84f620e41a8,5
a3d4addc983ff01e9dba1c317cc1dd9c,5
a33e28b6e64c1de1e3f02b384046ca65,5
0dc7b6a6665a02f068206e5e2ce6e858,5
00cc84bcc08b3e62e6543d71155aef84,5
b5c4381768ac091808fe9d9261f75d5b,5
4cdba8abc6f48f61150f845f8528aebf,5
9530b39536c4d406041ac6fe11427049,5
0d087cc5f4a1b30ec3df9a725b00ca89,5
43dcd1a1ede5e22e9da526970728798b,5
c05b842883ccd9407c60be2802b6740e,5
067b8423e773b3cbd3b1d0baf943224a,5
74fe9b28a0cbe8e8d7ae87b8bd7e3b13,5
6a0bbb5d8e0f41c653326c8f5d4426cd,5
4bad808de1fa2ef7879bcadab236b177,5
ab3781cfa49a1fb5056f16d4dc99456c,5
a2255327a41a0761d7200db0d88b68cf,5
abf9b580a70102117dd9b27a47496b2c,5
0418349fb16edf371bf860c073c87d9d,5
e1499a254f1b95f5bab1466c331a9b37,5
835e5885bdb8f92bead13abf6ab38708,5
71bf99bbc5bfc408eb5dbbe2dc3bc82c,5
0a1133f09a725ec88e0ba5496042fa91,5
88be22d1626a1a36ed5e8233a2aeb0bc,5
12800240f5dba5689c0da61570526601,5
1d10e4980d4c75783a6d7531ced91bca,5
b690a68f839c4a515e65aeabf0c37d3a,5
c9167e7924f3d9b54cc778a9413fb038,5
6401ba6e85cbef5aed2979fb559a2b2f,5
2dea95d9ab1e31d957cfceebac5723d7,5
8823a5dd5c8a0a25783fb00050673a5d,5
79b8a2b71edb35e06b9377767161d12d,5
d0a64e0bcf93b7e5d4dd5507b8ca5399,5
1eccaefddff64e6252d8929dc37257c7,5
6b57b5191ac49c5287a5d754f231e86f,5
eb607d2135f222a5361daf14cb04ad56,5
681d962df7367d8131a38790fe737147,5
c499e70ef63ba9d9f439a33872e56b61,5
586dcb02f979a2f0cf3c9297911e18ad,5
25fbf6f1bcdbde79fd32a4c6f4ce1a34,5
f33ef7c338206b357144c2cbbf09aefd,5
8f8c8c1b0c9d4121d4e86d88823eccf4,5
099963919bc33a7e99f1e7c11ff54c2a,5
0e40155c2527f74a552ae2a857935e06,5
b2249bdb552c289857f3bc1c16d37a0f,5
ea465b6af53a45f635525c914c1694e7,5
78c0c8030965114f026537117c84a57c,5
9fc47072eb5b84aebcf8e5f95b0314c2,5
d84a1ae10a084d4bed0cb916e5524f15,5
d9a9d82bf7783783ddb0dd83cfd34bf4,5
28d3c3740c99c74581c347e2c70188e0,5
e124290fa1a03b72a09994cf81527407,5
e296b90acacbc84fa92c545ee225b27e,5
51604fb004f4507f190f0fa5b04892bc,5
a79edc9d03cf5d1fc56bb17f0d89fe27,5
be8d8b4b79958e0adfadc92d02859ff2,5
ac8f6663c46eb15af813e33e1498624f,5
4d1e606676ca530ecf61b0bf0ecadcf7,5
6fcab701abb3f70b0a9127e57dae761c,5
cb822056f49316035cfb932321efeb5e,5
56a7872d04424bfb17ebfff6b414d2a8,5
599780fe16aa7b14fcd277a6762e1606,5
802154ed31b48aefe0c3a6bd30817911,5
f9627047768adc5f1e59f7334dbc1aee,5
0911009dfa0c93b5a962bd5499052edb,5
e94334a649bbb232711d5a6c33c32354,5
65a4e167b474351b710b467f4f7355eb,5
324b4b967c095b25cae23e47ea631376,5
baa479398f11f48bc64c466a691f20b5,5
c9778aaab768f5589ee47a1742680bba,5
0b0367183e2c1a45930a7fcdd2170c12,5
058efbd57d001d42e23023c5786d86b8,5
82b156144bf6aafdb7a91d7be80e07c7,4
d5fe25332ae04a80229451f685956183,4
d6e8ea3d67e7a613eabd9842c82b32b9,4
77182edeb646b161fb0a3fdcac3f90c7,4
5ac209c231b0ee262f7a558e49717a85,4
87087f83d4252334c2bfab037661f3e4,4
e506a0435ba302f396b6ef2ad4ba80b6,4
f4694f3fac33e7570cfce07a9dfa3cd9,4
ed0fe4c7e38bdbc7d9e1eb2d9a0a9568,4
812a65186ea30b25a8a4c9dc1142ff9b,4
cfb06ed3744bdc006ec48fa1ced577ea,4
792a41644ae036f0013ccc1697de4524,4
04b094a015329b59d30d7c1ccf43834a,4
a5ead16d3f2aff570b60687c56ca2476,4
dc88abb7517e13aa3d0225ca9594f961,4
1b5c9f8fd017d59cc9fa16d3aa6b78b7,4
3a6d5e3d4787d9ae8928f0230c605f74,4
a08b64311516c0923053db2882b7dfb4,4
de5e3afecc2b5c98fdee55a24bde280a,4
c30e71b033a0dce8dea11d619b2d0d9a,4
ce2913bc5a0cb66750927655f850f3cd,4
98ad6d871a84acab0e16981f7b0e465e,4
ce0c9623480990270d3fde7222def029,4
6d9508ffe9930b80841ac63f578a3318,4
4a60b50a479d660bafce28599e5b6ef7,4
21a580b1fb6677c9ef45966115c3f565,4
48db34b62cfc4ea607e1d3c882dd7b80,4
dac99fe243e750ec955b5859103fee51,4
cc50ea9b426f97c207c7a940be108f69,4
44a862c362130502eade362f0d41664e,4
3602674020455505cd92f183fda00c8f,4
ca544abc16e4198bc2cda4ab9b05479e,4
e61e4312dc93f4ad2e7cd65dd6d40f7a,4
7366b9996d472865924b00d9e50c68aa,4
86f2650cb8d19f774f1f600044fd46d7,4
af201a19f4f679fb00fb169138ac42b4,4
528235a3acb8b6acce815a1955995d57,4
19637fe5357c00dc8bb922069c67f79e,4
62206f7adcc8010c68e813ff20be914a,4
a94960433c9064ecb66e252b7faca101,4
43c1ad48201dd114ea8de141d1b41338,4
f210a79b6a1dda6f48f24f76893adb8b,4
bbba1708f5ff552fc00d24cda218aa16,4
5ff6745f35a4de8d4f77af7e10b22ef2,4
e1436991e94e224d03e7b7ddf5619ab1,4
4c7592d926adb498c93e2c420882aa1b,4
0cd5982019a1636ff7622afd654472fd,4
dd948e310f627980ab09e832ea40d064,4
667fa22bc5532e1533c2b8523911e0c6,4
cd3b054bf027292be2c70adbac71c2d1,4
e3f2e82797616a9fbf95b0c0b6d101ef,4
f28c3818b0e0b405d8f4ab0527adbdb0,4
3bc97ffec88c6ef0ff3464d9f3c10192,4
6382f5a09cfacd6e3aeb6d47042b2412,4
ac75162be8bdd6fb780a95f4c792dfaf,4
0703d1c93a0ff1c333096bc03d5ec3a4,4
bee8bfddac69306bf4a402f68ad7a25d,4
855567ff7123095824977e5b9492018c,4
8b65c6db4fc23ecc44b23faed3955d05,4
410603924ae2e0f313b7e2b1dfd3d637,4
ce48b342868c7d8cecbd3474d9373919,4
fc4f2662002dc1da5664f166182b4d0a,4
784468cce0a8256d587c47347da1db12,4
f603bba54ebb44c1bf42e7394bbd4bec,4
3f690c1cb9f895a7d2a0fc71d19de32d,4
c1a4dae597fa505520dbfc6044525970,4
e43587fb1d98bcdac50ad56854f827a3,4
0a10ddeae2219145ce40a436a47b465e,4
8fef7bb8617e3f60a5e65dd6f4a38212,4
51d1c6a680238e7894469fbc101cc304,4
879f7ae01c41e2e5bec109593756c2eb,4
249739361e59dc8e8fb66277c36ed030,4
913a6e4dfd5364139e625fb86e232cad,4
eb2b8010e4caf640c441c9a18ec27144,4
36e7a811078f76f1ca177e9c2baf6ab8,4
5017e1776d8816f07beccc95226e0d90,4
24e12bb0384ba1eea04a12f770d3af5c,4
843b7f169a817d9fd8621231b6fc14a0,4
de36a203b0c344c614317c9088c5003d,4
30a1d259fff08a0cb5873c8beb3ad349,4
7744ed12ded8b1387f443cfc2eca3f8f,4
1028ddfee85947f87a0241ed06019040,4
e710fbeaf8c88dd74d01cc2919929c81,4
d379f60cf5ecf869e35fa2705cb42bf3,4
913e20a1c67c5b100898ae2cf734f1d2,4
186ff47cb124113e0f8a920c6e8e2532,4
809b450b158cd3b4dd5b26936b98c2b3,4
8989c27055daaa0304c81e96e31742cd,4
6332e16ee184ee14f1636154c53d18dc,4
fde5753c369642deb05d7bfe9375a25a,4
cc398dea17909b5c51f88f631191f90c,4
89811b446017a1951123115a0affc80f,4
9de771d452b0e09fc3368e8cc8ab9372,4
3b86eecddc139aeff5d1aab6d48cc703,4
4a07f8d71b7d97bd9dcbb45baa979fe7,4
288a1e22f52bb9df0739f9090d21f5c9,4
d0ffd4d14ca332941f98ab420327a8ca,4
614df885ab8dd39d085ec080b6df62fc,4
d4d76bd266a47f6b9b74c164d70ff05e,4
c7bc639e63074e85a60c821c1b13cd2a,4
933ca5d9a1451d277e659f4ee9b3de12,4
3934e81589ce09f3b109111ca26057c7,4
106d6ddf6e3436164f05d10f65b0c480,4
0b0dea24c002cf00c86f15d336a92c66,4
5dde4249df71b30919ce71e666cec16d,4
1d50a9a9d240f9c3c24fb7e6c141c9bc,4
f16c483ab49709d459aa1f91880409e8,4
ef908f9375069944d8f6aea49d56fa9f,4
10454af04d98679b80a1f2c6946aeaa8,4
130bcddbf9d0da77a8cddd18e9f3c195,4
3b0f986e3db8f32c02f48d86839a0b7c,4
f4db8090173742b19aee84a42fdc6ce2,4
199746cec4cdde81ff9852ff722ee8d5,4
4807712180735eabec8cb4a6d7f817d1,4
9e44a1077f02787f42ed814609075c8f,4
377335196c3cf1ad442a303f3a6a2132,4
3c1f80b065acababe15df9e33243d8d5,4
d2800f59fb8510ffed3877c5af54c42a,4
7fa3cf8bbb72bb8b132663924c0b61a5,4
2462634ec8e5995ddfbb5bbf3edaaf9c,4
9c19b4161588f517bbc86a6fdd611383,4
49da669f6d779f7f7092a6e8827674ed,4
9f1162611a8a51deb7f5a5a75b35cea2,4
ba4fee07c6242521a2029da1babe593f,4
f692de3a1f350a1301e80d41322d0e95,4
6fd6daa508a233697966f8e30e537fae,4
c501e2475974b9c1fc43c7f83fe08a4a,4
e7edf3e58cb50672ff1364359ffd257d,4
08191a994dd8810f296bfb5c9dfdbd19,4
1ffc0fd0c14042ef20185001c6909c62,4
b6a624202bd06ceaf5662ab7e91a6a35,4
0469a8aff1b52900d5290482493bcdc1,4
f87520a141b1d716551c0426de099191,4
90a270be827d83899ecbb61a734230f5,4
b9064238336f9f3e40440a42c69276e1,4
cb27aa66bbc26aad411b1b993b000d74,4
ca37aec7092e9f47e5f99f8f38488ab9,4
8f1021097a764b2f5d3505e88b435263,4
e8e288c1e712f136af4d6f2c419c792e,4
723b560a4041dd7945255a27db208ab8,4
7f6cdce0e788331eb808875084951167,4
75bcae644be15db74907d8b0fe28240e,4
5ac27c042020b55791483b619fc60efc,4
f7e077fb89e01590862554cd5b0de765,4
26349f6efa88a655b33c653d37e6a12f,4
36555aadd065eb7b30efaacb4142177b,4
a4e3213df1f340921db239c8c129b160,4
c9678435ccf808ba645f6086a5552f1c,4
de966c1e93ce7bdfefb6a23acd37427d,4
2b276d6371417ad6e8f8687444522228,4
8dd47981b29bf0c6415aacf4e3edefa2,4
dcbe56f0566f43dc0ab999e69c0927bf,4
abd37645d1817736baa8f0d1f53dc641,4
91b8738d7ddf7b868bd7e88a78254952,4
068c6b0ab748a37c04fc716d73609f91,4
7a6961db2b290f3c00d740f711316408,4
6dd81b17418cdf1779d070800ce2240b,4
99520d58b0494c64ba9ce2e6ac6c02b0,4
7003ed81b8a2165e5fc9315a49bf04aa,4
716f5a411e6ff2f9fd75b1c870f04b1d,4
0e88a75916d7bb3a4a2ca3e91d5cf89e,4
95d3d263f04fd11e6fa2455a2b90866c,4
35771c834f9337dada3ab5073091fabb,4
c32b163ae960cb5f340c65e1f6b7c393,4
1e643c5cda7f44bf163cce497984a957,4
891b6bf3eb1c6f01efd715b9993f3202,4
e8441a8ff8e472e50e7236ec67a8c818,4
65528ed3a3cd7e8a3a7c4d352c675766,4
527ba6735c2be6b6c4667528980e7ddc,4
9d85e569292e16ffb88f797b2d4d9e13,4
bd591514d769f2bf742dde656fb9a256,4
7e8ddae96835d24e6318ad3e86813374,4
2b1b83cbba9268d799dfa3904902f31f,4
6596bbddf02771bd1166938c1b1d0e0a,4
21988e9679e95a07b697fe9f42baf2ff,4
0d33d7802cf554f200cdf3bb25982d3e,4
1a16a015616220766dc32a5c41a76c87,4
74aedf472cad26e2a7fa51c1177a0ea1,4
efcc2d078290f88dd6514204972843c3,4
69d3275d1d81a65da9c569196c90b2a2,4
760d40669eecffe60419bcff451cf430,4
5715cd11a0a79744c1a88efdab933bae,4
740f6061513a5d8e9e39bc01f06c2d55,4
30ec4f31f543fa0d44ced78780444307,4
abda6f51f1731cc3c67fe0b80b1cc3db,4
783eb08ececcb5003a6887fc86341400,4
1a60dd61c50dc56008e0d5e9a67ff5d4,4
2d3e63a86544b13401d36edb128654c0,4
371b495ee95c06f125ec1bec2682e993,4
582f0230583e68d6a6d53db0668d43e0,4
723c50f1ceec514b852c67893f0214a7,4
f5079c8465e5eff69c9bba7776963dd0,4
9b9d093dbb239e9d907f84caa903e818,4
537b53320fba003c0918ab32ae5c9665,4
30ef8a800760980f665afd49b559b027,4
f7544228158e7dcdd93824bf8b370f17,4
454505997d51e291da50dc32b5c703d4,4
2cd84a38b99c3453f42dc8bf11bd1dfd,4
fe83c7d96e936c7826c641588190f69d,4
4523338c4bce9d78088d9ccbddb0cdaf,4
99e939a5a8a8382efbf1bc18ccd6292f,4
5907f87b3d064d73c57596c280b1e0e8,4
9e7ca4c28669efa90928c38668d72a3f,4
4472319fe02435585fa93b15733f6378,4
99b3b8f7f00fd5ef964cc6a4d070dd9e,4
56d0220f5fec83eac551bb866f42fbc2,4
37bc1fd2262d1f13b0fb67eca3db889a,4
defd8da206169a97d8d64c19e63b2e92,3
9079cf6cae96b2475151a4380877a8cb,3
f2a6b6fadd8c77a70349128ab423e393,3
5d0252912542e2e759727f6c260af9c3,3
d6f11fd50f6ee63d98d971d991b0e7d2,3
89396ee950cd14ba0956d958e696602c,3
d70e006d0fba29bf43e3fc3bff286a7b,3
dac7824351df31abc0f483f504856005,3
ee24098111d63aa648dd416d4969e9ce,3
9c766c47d4a415d88b3ee62276564709,3
9dd0c66db42f56f34f7f3dfb9348d4ab,3
8df0780cb7df7c92551f42b6b8fcc046,3
42fc016fa2e9a6eca6217ff327203aaa,3
3c000be753b727cc793b03b0de7f6c8e,3
a26908edc7b49a06b15da5e8b316b5c8,3
282a60cd7196cd34bc0b4f8777ae393f,3
89c09e12a1cbf84780e2c4a8faedf000,3
bc43fb77f5bad11401abec1f91275d81,3
8e7bc325ae49f6850d7def409c193de1,3
59e4ff439ff9b49375165f219a43d70f,3
e059b5481f0450fdc1d208ac9d95f8a2,3
a285334472feec0327dbfca178a7ab01,3
92ed267d1f96de5ee0e159166e17bab2,3
6bd3b50e260651471cc0bed16ccbc756,3
8e2f9072d63650036ea0ed5fb5637f75,3
978d8b9c3a35951ace0000ac77535859,3
5349559a288481b35a54b68f7955b38b,3
175aad1ab243cbc660b3e840794bb858,3
2998677bf644588ad1be82b686217064,3
7082d9b291aec601e4a966f5ab34c7c7,3
37d6913a9416a6c31d61254bdcc6e41a,3
1dbd4382a39d34de780555d9c276f1a9,3
e76c31d6f7911fe3275f6a9f87111da7,3
a97e4127d13cc5a5c9e92074d8bf8d86,3
06832341f34d2964af4b66b7e3b8c504,3
b421ec02fe6e654f01808a4100ace0ef,3
81fe4956ce3a5436d940ee1963dd4877,3
eeec2b8863e14e72a349229823a31e17,3
1f1961136ab0e2f30b1763198ec026a5,3
d1a83fedfae2a1e3a0f5ecbf9d4f899a,3
5cab0aaed3ba161a8bf8aae1be834069,3
e775cfb1c23600fb0abf1a378d04e7d9,3
702567e667cc9b35a5a63e99acbd3716,3
f82a329eac3c83cb3f31275035b2d274,3
4c0a2a1422a2a7c2a222409981b3deaf,3
a38f85919e589c2a9c8a336ea1678e30,3
3d0048504a4cfff4617752edeb10b822,3
293b542d89c88d0e898f5cc6a50bc2e2,3
af24651af3205c9b9456a321965e2c34,3
b8a41755b277d5d51685888ac5615e62,3
38510592134316a0e7c20c4ea099ef1a,3
d56ee700a6cd069ad59ffa690d42c215,3
3efc598861cbe25e843b087ee6fee508,3
53e3e5443300f6b9efad3f475e73901a,3
29626041e17376e8119ef07bb6ce9c4a,3
7e8037bfc704946bcdc2ed696bca4d3f,3
18e2c5ce5ac93f6c74b20b4ab955a7fb,3
86738c538e9c09623687c6faef17519c,3
95c2399fef458a8a627479da07dd70c8,3
4d5105d64a7c381e5c84b5bfc6a845dc,3
797eb8c22c101a1bceabcdc4cc761f48,3
6fb02966ff9435e3fa3cfe5b99b8a692,3
0cd44b7c903447b23bdd51843ad60188,3
04b04d55cbbb7b2a655fed43f74ea6d4,3
107bfe162d7f435b48519c1fa5165406,3
74cc42e381e4a2b361b1ac929d180a16,3
39f371e0a31c8d01959a90d251ae07b5,3
aa0cebf50db198d9b083f11016b48f3c,3
b8551e50e74f528b904908e852f243c1,3
d6a42df0aebf534aa0fafbfa8691d024,3
c7d35542a3cce106711d827a12aa8edc,3
4693accb060a6a1cdb5251359681e696,3
0b6c8677482d8958b4afd2baf4d0822b,3
7bb1f848aadf19df125170eee232bfd4,3
4b147194907747a72d89c853e1d6ec19,3
8c8221f2be3a7504a717cefbf06a0bcf,3
49d4bb743208f57fa44c57a863e364f5,3
fe313fde73cd0a1a366308c88b13b7cf,3
3aff6819a513fc8ad449f3e96efca0f2,3
147cf187a4e0d2131901e934e6d43c97,3
f1cad657345420fc4ff75f4ece5fc282,3
4aee9a7dc5f52670021ca4a7454afc40,3
4bae522801a245d37705429849855c9d,3
ae21800768a2527df6e3e8af1f8e7eba,3
77d4873d4dbfa822530037fa940d14cb,3
dad4146e6e91db1dc0d7da0a2d0ac743,3
2d659e77a10c617d888a738d757d94d8,3
c3c7d6d5374b74bfedd20ab38796d02e,3
ab90f2ea010053c564df59e09264e29a,3
851d105fb141c18f75c43d73a9de0c25,3
eaa27d275be0546ef24752ffee212f54,3
106c768f1df818e77c545f517879870d,3
577c27866a580109134f05db6f30ac7f,3
87b6a8c421389d08c798cb79188b9893,3
174838223e0954490ede8521cd73a269,3
69c696dc971a1fc635c9ac9cd3f531b0,3
5344195562c04dc7a89e1cc8c5f6b7c5,3
9cfcde56790ab85764835001ee6a17cb,3
1003c25ea37b549a393c37371b2894ef,3
45edca73e4785ca0de7b0b2bbe70c9a5,3
2a317c04ee948271fd210c048a7276a2,3
c5e81777af9d950de179bf438e6aaa24,3
8ab84305ed6800007e227cdd86ff61eb,3
df9c7ffd2eaaa242aadb6317325448d0,3
a069d56af7488b59b8a35b3f71c98568,3
4a08a0d6ea7a73052d4d6ff64107436b,3
a5f885617f718beaa73cc8b4e3d2da14,3
480786d4d1ba390f286bec0f85b6a3db,3
5f1cc6ca4aab339e335db2bd70bee7fd,3
234d3983198f2465dbee8980e6006836,3
acb57e7ef84ad0ff75b1ff5a3fc7e7e1,3
88609b2798c8a0a5a35f348b196e99e9,3
1f6064fe51abed6ccaf6c798994b2bed,3
922a3b1541f1dbd3517193fa97c406c7,3
3dcf080084c4703fdd737c8a078a3601,3
632ccf377e66c35bb2e2a5de87075bbf,3
12f36edc7af4969d5fbe98d85d0176b9,3
7fe4ea4549336b032c930d00e77f1d8f,3
49aa95fb147c162e13a335d55a242746,3
c1bd4928ee44f29c5164763448dbb83a,3
b1398642247778f83470f09e923163f3,3
20c06d4743ad6366e9e87514c0f85868,3
5f3824c6db1470009a6cc668d39a71b4,3
a7c7aafda1974baedf1e58fcc17a5ede,3
e793cbf4a9d3c0db6a66bbe8c06912b4,3
817d082476cd1d3b4344a71693fa61a5,3
7f50c42346b8fc7a5970db795a864721,3
3dc9377cc3cf1b5b144e92d445464d35,3
69827c12baff82faa7e091c15dff181f,3
3fe639e2b9c54384b3e1912156fe2005,3
599077cae8a5792acb7a62775d70c92a,3
f68f4cb59d3d269dcfe8f146f95034c3,3
fa04f76a42e2e403e3095a794421b84f,3
df3e0fc8d98a9c6b721478d3a95ceeef,3
a4fdecaa5c4fc3b83a5bc41a8fdfd008,3
4cf3151dae227a81c29384a34af05ad7,3
dd8eacf2031ff387c1f4ad0944330990,3
369b0fb9b741cc2608b818bc0206226c,3
da30ff0997c238bc3ed19542902183a3,3
c2c3a81d986597949c2844c7fce1143b,3
e448eb3628439decb7a33815b1ed47de,3
d686c74d4706168f19ad341f41609a7b,3
8f993954de9060adc62e39babe047ba7,3
fb3c4175cab8d7ed49aa2cdd713080b6,3
0de283deee4eced6274257a0fe0244f5,3
fd96c7d791f030770f690905f25487af,3
6b13c064e246d69a3d9a64f63b418e9e,3
c60ed75da635f7b372600a75317b42f4,3
e9b4a638cb3efb5ff62d84bb4a7f8e8b,3
2a1ff0e9dcf9ec676cfd06aa308b1e04,3
8da2878adff28b9532c07524baf0615b,3
8221e9977e6c9842bd000251a7457e71,3
144d43b716bad118a5f1843a68177c8c,3
71f29b11b94e7fe4a9e54cc583af63ec,3
65757b3b834ea01b3ff47508408ee831,3
870fa96716a4b5ba6fb41d3a667b3eff,3
93928c6eb8bd048f1e35203e58d70e56,3
67a58e3e9678b367a46be83f5ce686a6,3
cac02dbfdd2cba5bd6b79f71ed58d18e,3
88b6e1583f774e3e718471f4d83b5ca9,3
3315608a64d9fc9874a3c6d79bc48cc1,3
65fdeb44d0e374bfb782ed9a390d11cd,3
d47cafcf5004d29213e838e46785218a,3
09348bb64a0e6b0ad88d5138d1609fcf,3
7c2d76de619a5b2f2b08b44fc6948df3,3
8d635819b162ac914e4a504e49248dee,3
91cbfe14bd7847c0b905f0f2ba90029a,3
6a2f78667ca3d351c02f871eeae2463e,3
0bc61aebb83ee3970e27100e4067ec39,3
4e093e7c0708f999dd5742e18f2976e1,3
9720f574dd393fb926321bcf77dde965,3
1f8bca3e37a555cf21ac8923525c57b9,3
e7c83b10f17b74cd32bd843b4ef6722d,3
0a9d7e7419a2ba4f0ebe44f35733f317,3
c77d13d1f9fbea616a66963b95a01033,3
0b1f85cda27e8d7071afb6813b20e7c5,3
d39d9224b2d207aab783ca9a55e91543,3
eebb319341113119ca9e4305e92484ee,3
ecc2ca6d4d235a7f5e0830062a95da5a,3
35b45e283244079805c00218d4687a16,3
04631a52f4ad8c3a0e283eec47899dc7,3
c45a9f6cfe51c17d8e22b867e6f0f46b,3
0a9392d0413758a6f2862613c3f4c8d4,3
b82660352df0aa3eb29fa822760434d0,3
b43bd0bcaddbccc73b1abaf3f5184d1c,3
33da580e01f4634a061c24d335e05850,3
a2b135429e0ef2a5cdaa9aa2d679f3aa,3
bdbc3a1669fc27a75d2efc76d3263d39,3
b1d45891972fc5d71e70dade3bf4b753,3
52fd25f3b9018fc1fc21b4edc6aab4ed,3
7be36c40fefa06241ffb5c04fa2cba8d,3
f8f940ae68d96792522bcc2895c6e29b,3
b269f4fdcd10a01e9604c044f436c8f2,3
61e9133c5027d3343e9f70dcff87845e,3
048c23b64a98c0697241ba8a14cf5a37,3
ac88ee85023317f11dbaa48ac7d47c5e,3
b85b6cad06ee194912b75d723222329f,3
1639087092d3e3c59ea368f587fd77c5,3
68b16fa4cd1a9aeda02008bc7fc94da5,3
c9e32cf628eb882cbd7cc7dd33b9bf49,3
57e111bb204afa0324ca385d6ab67785,3
d8b1c50ac630e2d31dca5e9ba5c6864d,3
94aea72b27d4031851b4858ceb763900,3
7e4892f4d49531bb87421975810e5879,3
e0c827e821d2a05dcb4384c9196cc3d5,3
80ba058e2f3c499038a9510e3e089a2c,3
dee0400615b971b026e53424edc26afe,3
ed02b3956e1d30a8b7cc3fcd0d04e950,3
1d1c98460785822675f583295d2599a7,3
070cdf9169a23de91c43e8dff1f6c4c7,3
7c0f5385d607de130825e4e5cd49ae28,3
ddb607b9294a5ef2609f26cf29de9462,3
22924d6bb8d5df6abc8989ae2a9a00ad,3
02ab0f7babfd3fedb1b5f879e4e0035c,3
028f46cfd18940b1b2681b0b79bf8a65,3
dcd8faa7633a661ac6e7cf44bf0fcf71,3
54764831adb4bfd1825c35533ed7f3a3,3
e580053496f13eb81e826edf3295b459,3
f4b2cc15ea1994077ff185390fafc02d,3
6a8c2439bd4abd68d82f07471c5a9f00,3
f40ddad76295d4c1171ed0d543fa871d,3
d8849fbf5944b70df94050a0f8267f19,3
d91738a6de5d48d9d8753f4b9bc12643,3
eeffd0355096bf590cd68a69fae14e7c,3
b848e981a3359f9bf1e7d962f4887394,3
b667580e1a5e4f39f100229435868820,3
df0fef4ac615796a5e358450baaa872f,3
b67badb4205108780788c28d24eb614a,3
e1d5fff3fbd075fe7d1a9942a0100c55,3
76b4d6162a0ecb3887c797a14e286d11,3
6c1f7f4352d2c121008aa3ed869bff7f,3
382b2da76d1d0749580acda8f74e9de7,3
fd36d39dbf930339f2985ac387d7e36b,3
b25a652e4767d91178b5d5fe80ea2140,3
a5dad8156651789cdb8dea62d4ac2047,3
aa1074c97d19a46a41d943ffe8cb17b2,3
685875441238221835e86de4a143a60c,3
57e2d2ce373e7734a2022247d095d8b8,3
537b8f02cd44621a96b943f9acdede80,3
8b74802a65246097bac0bf885b25028b,3
ac86f39f08d228817466202937c85b07,3
7d149bf5d0a0a634003ec207a85555b8,3
be819ac3a93bb65b75dcc924bc12e8c6,3
13cb2366de0dea20c3a1b6a0083b79c6,3
3caf558fc3da710adb59d5729ea920f9,3
6d462587027867234b78ce63f1f7c5e2,3
009269c01837543a53d6dda8c3a890bc,3
a31bc7a390c2e64196e723909bc39aee,3
7363f0caf2dd1efea88e1c385d2d4eab,3
57b64e29c6c7bc73a6e746eaf051a3ca,3
3ea9fab9794f34e35968e6a7bb875110,3
aaaa7956a3c6f3931362602f8c6000be,3
b8504261ee1bb6e35053dd55b254ac0c,3
686ed7f8f8f8cc7290daf0a6bd3e3024,3
56c4b747f517611f61a3edcb47b01f49,3
70cae1ac88d0e42fe401c1fb490b7554,3
b5615ff25978fc41d5fd61664f49ea07,3
e995783c553bd7b6b997c6f4eebe4c93,3
adf89d2873ac7bad00e1fa1f5425b16a,3
02f6e9480dca826013cd3910b2f901d4,3
8d7a298fed26597daa52c6084b62923c,3
50d55b0f01ebb9ac4cca7ac4b02c8045,3
9b235c671950cf60cc6f330d9a0a32a7,3
e1687bd0779946ebf8e42b67f8b30866,3
6e6460411d4f7f4e1b44eaf4f6896622,3
c089981a8e58cbfd4f51a47d3d49819c,3
8aba452248c952ec421f241694ef806b,3
08064cfa3fcf6ff58d81f0d7fd932b4f,3
b90b005e0d4bc64b4f29cf05d9059eb1,3
7604b2d31211f3881c1f3fada11a4dbf,3
88a733040455aaadcb726d5e02287cfb,3
357ffe2cf92512f0df9454022d7bdd0c,3
5a110ce661549f0beea9283e4fcce225,3
4bec3f6f7fa31f5e294bb6c47a255f16,3
07091a538b4b7b404bf694dfd579979a,3
47665fc62a4ad6e7d32a2f9fa6737187,3
8bb919737cab37687c34d4b1dc073995,3
6ef1f320f76d7fdbeb6287b563cf5326,3
700aa583f122fc88a0b269b1d1ebba89,3
1366517bfc2ab23bd407465a8213dcdf,3
2cb51f2cfa307ffafe40f5690ea801c1,3
8f345ef7556bb22f0a7b6dac896c1adf,3
2b0fc402037b1e7b96bb0ebc062a65ab,3
d874b901fc38bbc9af0d04f80024e09f,3
f2895de08e3e6d10ba4abadc0015139a,3
8af0ca17a240f175dea5ca2ef5f4d8b6,3
eeee0ad9ff78bbaa7746d7056e7307fc,3
c559ccd636c040e3417d7e534750f86c,3
2295c15d15fbffd26091e6c7e1e3d93c,3
ef6b9eb86ac881d92c998eb94c2fdcc3,3
9cd02111bc96c2bf910f2dba728f4b34,3
e65994d9f30c04c51001dd3ad4285277,3
326f644f1413148ed7ae4a140e790ad3,3
e296dbff381569e2d2a873a380dc45a0,3
4ade7206e4fc04cb0fd76c3fa59efcb5,3
9fb11a1b572824b8adf9e21803bd5695,3
09a171c9e4a48881bab0c4438cab5e46,3
0fd7a14e6c73209f63f0ec4e1c8b5158,3
d04f6f5f4d6963653c0e15a377992f71,3
e8a04bbc71b27ab212cdc02d223fb335,3
c8a5706bfd32d0af7cefdaaa12b65fe3,3
b55e0e485e02a4a5ff1dc9b5726c8d0e,3
f4650083c7794b419834b4d75f288f1e,3
033ecd9f156d18265b299be24893b750,3
fc590e88897fd57888c01a1f227fec34,3
81a4ccbd1fe63a86c56b91e2bb83edf5,3
ab1f5170434cc1380758434a61dddd52,3
647b56a695d415eb64c8b8031bdedf9d,3
9358093e5301671968a0c970165db41d,2
3af4d5ac49205bca85072fa7da1852af,2
b7a7d3869d03419767af693722123244,2
3ea16518f31afa84f2a68fe739f3a018,2
4d45ebe1ffcf6f926fe0d47796270851,2
ec96ead5662675e5224097622568208e,2
9c557275be187997125ba77c8aa07831,2
b794807787a9a7a03a751cc7120c21cc,2
23753d02812a90bb664ae3e4b462c6d2,2
3aec5ac5f51e34823db407a75cc30dcc,2
c04f10e91000ce039359db1e465ea4e7,2
945b5e903ea72e7a8b2071248672bd7e,2
cf3a501380aedce19b21aa98accf3792,2
12ccb5ea9f990e411d2b1164cdfe0ba1,2
b9955998c0523592cc892b867559a74d,2
896e03d8ea6cc241b0c7b7857eadf9e6,2
585c913a63ab00e8e388e390b1aee3ce,2
f015702bb6282b843b07759a94e0f09d,2
4a5d8986a495bb8038194fab616ec920,2
6e0c3637fff358c8eb4d5dd7a359f8d7,2
55de9793b2b36d9e3db20bd0d3edf882,2
8cc9f466c1eced2a8e9bca35c9443d70,2
5dbfd7933cb04e89dcdc2b41fe6b0b6b,2
3cb505a186704bd99a2d17cbc88cd85c,2
7655beceb5ffdc391f4db6eaaff8ae59,2
77dd372fae496a373c4116c4623585b2,2
b6d656ce6d9438b7f12de85dd7c44344,2
caca9c134699fbbfa123c53694dbd84f,2
209d7c27b8c987a17c08a87d2312c899,2
3ae25dfa7dff00ef29118d16c52da72b,2
dbb30cf75cbb4315374aa196f9979b00,2
d1f3b516d53c2390853a68280554476d,2
c15862f2a3e55a453063ce6406f5d9a5,2
f5755280fd41328ea472894372501bbc,2
26dfef48db47a80810f454f32f687812,2
78e7196aa6b4de1520d48d50236f9fdb,2
6da5522ebd01db1921e8e3629bce29bf,2
333f40c0b0c47ed9eff037a80f2383f1,2
8e1fb74d8ba2858dc7889101dd2e374d,2
7fef9a05ddf80143089b5e163b96e235,2
28abc75c5d200efc97c2cbbbf8bbf2b1,2
d1185c77b67678c0cb4b4ad8e4c1550f,2
f4bac6a83d5b75770049039216673de7,2
15886999c3eea00105d5e647ad38aaba,2
0770235201b7425e1ac4e4a2014b59c3,2
d211b82824a5890da194cb03427abc6f,2
082b84bb61e447d3c37e79a522744870,2
25f1e89549c94ee53e50020e2153b989,2
9dbf7768082bfe5792d96b6440cb23e0,2
a50fdd32f2fbc8b3b539b44b4cee6649,2
27a36af890bd4bea52aeeec77b2a035b,2
6b0065b104ac570690250c5403318f6f,2
3ae50151f8a5a0c38c2d3c985b46d268,2
85c80dc7dc4e57e1edc7d785c043f6b0,2
be4c1c67e82dea41824fdddfd993cde5,2
35a6862b85714f820ea20cd44d61ba9a,2
003f47857c238c6cb2bc5774e18cfda8,2
ae077613fddfa0c060e8905fa40d7fd4,2
1497abbee88c8f94b0ce83eb36491583,2
0e6f7bf6bf2ce680a79e5a45ed85f98d,2
4a450bae34319bb29b70e07aacf353a1,2
58def82eb19db1e4cad6c27244fbc7eb,2
67f1283cc2e4427a74efd434f8352cc4,2
6ef397f4db04e18d0e7a1e6fa20d5e57,2
d0057adfd0c8a49dfc18ae08389fe5de,2
7e4c6682773e7b3c973bfde20f4c0444,2
d8f9cb478943043cbf4b2cabcc8b2ad0,2
0d2829f21da568deff2b50a96cbe91aa,2
1b1934e7f679851d5d1e0083b18b8ab0,2
df09d4ce134e362801cebfad5bd997af,2
86d5d35ceee66aac42fff09c99c411ab,2
5030076a2b9fa1075c7b3095c1341b70,2
1f78619d46ce688496c21dd6a2be73c2,2
391322bb838d53129c1c5df254f3b3e5,2
c697834ebf51a9e0449f80b34ef0b0f0,2
7357d4fd848315724ea4f5d5720f56fe,2
413a21324366d09a35cfcf1495d0ef3a,2
ff11854ce5205178d59c1b42f35041a0,2
c2e9f8ba3366695373728f663ee8c7a7,2
00654f9777607b0e7c8dea7a7c4f0978,2
84fe65ce02dd38281963c901d49d7f50,2
b5e2f209314eea5b6380f41bb133e5bb,2
a3f3f57f0c0b3dda8d0c058b0472f341,2
d41b9fbea743adddc3ba95ace75cc361,2
886a2b046c9983ab9bb420774a956446,2
4fe438d458f64b8cabe9d062247ba748,2
2d9a91a9feca926b028aabe40ff7a52e,2
74e9cab843966e008c2c00ef533fbe53,2
12fbdf910c356a7b999bc9b077a38f22,2
2a411ed0f2ab0f70f52573a5a4558d06,2
f6c415ec8c9bf84fce3ba3d90e3574ec,2
ee68385c57f93ae00b1f68ff0d828451,2
a619f87f039720f70c7388c9bd71bc45,2
3a9e7582df88dcb2a3a106a0e9e90557,2
4de7f587abe4233bebb4378da9f19704,2
aa92dfe72c54b3bf0c5ca8de4d0a0963,2
21055a733f876888a0894c7db37971bb,2
faa579d3a3363ae3853b349f08cd8586,2
737eaaa48ba680e1ac5e21b4e9af37d2,2
afd8f9dca6d68f48b610767c6ea2ce29,2
897e035af5d082f83c4199abee274a55,2
6e99c242112febbdb3c9ee41ee5285e0,2
542d5dc5042cb1d39058f39fbcdfe156,2
ae454a65caa71983467701e920f49ea9,2
ba3ff12b8f619d9d9a936c01e6a0d9a8,2
397dec8579fcaac04170771ffb154027,2
7d193eac74194829416c19882117eb9a,2
ac8c75cd8d2b5c883c3ab7c55be1a673,2
eaad8a6a89652ec73de6029f9e642a15,2
a1902de47bafb37c00a57c42be77a30f,2
9d066367d28834fe67362ac7838c7275,2
61a03c8525bf95daf438a530c0b68ee6,2
4c9ae6bf03407b86faa851f5e9f1f5dc,2
0e9d5b41b8c368b781f2183656c771eb,2
cb20bac8eb6bca67cf51375da8a311f1,2
3b716d9417e2f53bc7a1ba336d0f02eb,2
083641e1b4f5cae85257b6f233bb1448,2
4e5cd9ed282917d5c892161ddb3d1c23,2
2a0e5c510c1849df5f99f5563427b105,2
1577c4f7f4247407af78fa78aef7ec29,2
088f12edf0f20bab9e60f889147813e7,2
ec1291fcd80492c755b15a1eea2db0eb,2
d9a11a8a2a1171333d9e9934f2c0e1a9,2
38b7a21aa804aa25933601692357b9c3,2
ffdb48bea1f8d5695186bac93ebb2125,2
88ed10f4282dd14057b80c3dfbcba391,2
eadf46c03cd3ae134da3e14e8bbe80c9,2
dc6c22d7ae8294ccd9b6430df121e52b,2
d33ba381b69f09b745cfbfbaf9ea8bd2,2
1f46b3c75e5cdba26cc1cfd781006b40,2
874e0a0c74ff8e927b658a5059b855e1,2
8ecf8a3fd3d89712a0ebe88d69955ab3,2
c6d0364f985eeafca48dafc30e12818b,2
97cd5f3d08de5d3869f9003cddbed148,2
7ac79a79f15001a5c03cd6811226b873,2
f89f4789d43e676e8a51228b502998d8,2
9a9caff7fd0388401e28515f04e3baf0,2
cfe305efbd8bc8cd63e714ecd5a1d1d5,2
ae8f09f798070d9604f1e1ccc440e8aa,2
0c1ad30df919e562568f712f485f24a1,2
c56a333ac98df2ae5bc3e8e6b4c5d706,2
5816a5929fa7133bb7d57e175c18dc83,2
debba682411471a70d0f5b0e0b67dcf2,2
66c877a5d78d465a16024f55ca40da7d,2
893dfed226ce176c462ba4d7174ed9e7,2
77e623ac2ca7819b88488ff879096b4b,2
efd0b5225900ab41f47cad29367b7f5a,2
79d70b63bca98234a6df18a42dad43e9,2
5ad713ce9788cfc491afc2fc4ac93940,2
ea158da8e075ee887a8a62190e489fe0,2
852f1ffcea955b5e726bad934566c37a,2
e075b7601756a59fda247da6729d988e,2
e90861d8801fd2b6be121309ac114098,2
a45328b454582c359bcb8b380f6015b6,2
6e344435c912dbb700d8b033fc705a38,2
99bd8566a48f3eb5086f6f6589664961,2
af63c0742a9b49d2dd6547a53f2fadaa,2
5307c0b9a203c8c6dfdbc3f06a904da5,2
17f95f53dbe6c661b190d32116b6688f,2
1a7d361926facb1992509c5a09c2b71a,2
71fb9296c1c36e8976bedc9a11ebc9a1,2
13a8b170f57ae6e24edbba79f83fb2d3,2
b6b51fef919882d6048a2e9156341d24,2
fa9bca71762501625d896387d75cb585,2
320e10a695202e6e79b33f33c3e762b8,2
cccb3b1d761cdeb5e193e3613a82e060,2
472563934daf6e9c5a8c369ae0903663,2
7c065692be4c06b47ccc8b2278e0c762,2
449f92d9dc79e4990788b77a6de12b21,2
e7090b183a39d600116532890ae9108a,2
eff1379015e191282ad19f547ca21a17,2
f4aabbd6de8190735e4847d76e28b9cb,2
f7d3d90b53c42903b3ec6d55411c6614,2
b276908c0453430320ee8c3875cc9fde,2
9bda024611555fed7bc7003c060a8cf4,2
54594dc05b76e9463128ef9677881825,2
92a4e0b33a9e8595e1f8bc1eec74fee5,2
41d7d282e42ffdafe736ffa9ac863136,2
e3663a76e4406e1ae64f8775918f3917,2
4d9c25b5a8564586c555178d6ba84087,2
69399e72844e792b8ba4a11f6e17f382,2
c94c52fab5cfbc72a26092a51f5a274f,2
d28da324aeb8eecb1af57eabdbc60585,2
8e8bd4f2f37f35116adb7074b11c1592,2
a1e3e9be488ae2757d2aa703252a47bf,2
b73464f0572552cfdd8a3f3bcf5194de,2
f0f99b1f232f977313c05373ec015513,2
901cf375b638a1166bf07b5dc3dd93d5,2
4a504ffc9057ceff4d3278496154c183,2
0433843396191a542341c9ed512ad746,2
708888b55bc6767e197a881733793a80,2
e48cbfa8caf97a1143c5a73ee8874bbf,2
bf8d47999aa27c942390a515d51bf5bc,2
b3c82564a38dad74064f98431d13eb5c,2
551a7a4e2cef10269db3e261bbb19334,2
5983b4b86bcd3a7c67cb360a046ebda8,2
da7dba4e50cb9cf14c79f3ffa2b2133a,2
c3a542aba0970dfd99523c373391dd6d,2
3ee30a1a121aaf6c5fcc417cd4c86a71,2
1866f67c6b2738a6b3c1fc3c6d39ee7f,2
1e13bedc269c3b3a31f83be5e35d0d21,2
3416db699f2a48ae3a7d469cc374076a,2
36ab9e5047bceabe090f25a1adcc4df0,2
2c75d9c3a724fa83fb479690f63f75f3,2
696d892b062e99ed88c206a769cdd6b7,2
57572469f074991b5514cd86a8b744ca,2
bfffcae3273590b2f22f665ffd9b50e7,2
a39b588b158cfd0a66f9c91a298732b3,2
fa7324050bfe8c84d2031668ce0df6fc,2
3cfc40fb4385c29446e56ea35e6212ae,2
97ca1e7d267c1ca53ca12dea910e7460,2
1d2e9bb71d09b846a7986ae09c1d89ca,2
5144daf96ec0b9cfdb88d72c28edc923,2
a7c55c64516c3986ded5c389ae6bdbaa,2
9e1e15a4dd5eaa59da5e540310d1d976,2
a5cbb2bd290303f32d1b92bbd6765381,2
dd886c67cbc63824d300a727ef9e1a01,2
984f2aa51c16c10007592319bdb11876,2
26e191e3373d87620b0788e0890c8ed5,2
8d4883575d5b3c8ecb4b7b8bbba7f34a,2
6ee0163541b470942517de445cb65c28,2
35b665ab2c0de5ae642fa605e7c95247,2
cc560ce04c3056c492ed8690a2a1c969,2
bc4b2060093f328dd9320777a75d3a34,2
37a753907c3ece21f9a438ffcc3b7635,2
ae05b5ed14c4052768cf721324267acb,2
18498aa2de02b8d57ae704d5736a72d9,2
36f7858cee6de39c9503120dc125cc6c,2
41713eab868d79cef4c98d533e31566f,2
24648c320bb5564861edb11572960a2f,2
6f21cdd03c93aa7e1046c8d806298941,2
980f73b56ede6914bac7e3a8a6ac8704,2
0338fa48a9ee607098bb6596ddc63a58,2
6e8abe51db34e70daf4cb899966ac2db,2
4f723f14f49a9d1ad3d4b0b1386c2436,2
f102deb95f80dcc01180dc9e74f71ddf,2
058dca8e4e36c827ca15a56cb1e464e4,2
57b1863d3bd58411c89fdd156c462ead,2
75c102eddd88f7ff080d7cfee486c9cf,2
29bdc61543adb3fafea0449d81049957,2
994866ee26bc98c76d43eec1d41d0788,2
8f4cf093b6d6d2d1740e68153936269d,2
6ebf1018a5c8502d67f4ba4fd1277ebc,2
58e63e29c63a36182d77e4a0f99ffa49,2
c54f614c32c7222eb1abffac3ac956ef,2
0df51ec31366c87ce3fb86a3e3b3ca7e,2
c75baad32262a6ad4475e1800b1b74f3,2
60a28fa610362ab27f566bd42b3f544f,2
e0a8ce9458bfbd669a2f5bf89c3fa6be,2
46db7dd3abbc15ef3b35017a08ccaa6c,2
b91ff9fa42c175600ab75499a6295a47,2
f013e7e8145492bdbc2bdfebc2c387dc,2
002cc62ca968b9e9c11016f194e6e219,2
0316c724cd50417a7423afc17a99feda,2
1dc66099f119c83a08cc0d310b529c7f,2
10baa23dcef8ee5826bdf7a48d26f956,2
6411f8471783aeaf47de819c902dd97b,2
5341a8df276958f420003e1cef1904cf,2
0c16fb2bfbf8c3e5f4dcc394012ecd86,2
456ba50f91df53ead2b3c4a813f8c0ed,2
b7c41216c2c6f60b99a66144ec511a47,2
72f809244c6264dbdf1e4ee36073b4be,2
22766d1348666738064ec4778ce1ae7d,2
b21e6d4da1d73bbee5f37159fc72235f,2
4920d1a04f8f51eddeae1679994ac7d0,2
900da56af92ccff962a55e546fea9980,2
bbfcbae76d524c445d47ec95320a0c73,2
b667afcc6c896b3d018c47546fa18301,2
8594af7953964e557ff4beeb1f8f12a6,2
c307883ff452220c59bca9afb110bbde,2
5870ec5808f6ae384c84d4aa15ce19ba,2
784fdb8d2806e894e7b27d0e09573ad3,2
63405ef75e813fae50ddc49b3b6a1567,2
26f3c3ad87b5f2d22c6636d22a0e8a07,2
3bb586ad0a63474f7b54c6e89093aabc,2
ba46ddf913af78cb674e6dade3b01d01,2
dad93cb3b273bb809c9abb2595763510,2
9c93a440887a3ada6446e5111f5d7db3,2
3af9181effae2bf8e8426e7a240aa5b5,2
f48cce31103077edc4aee1566aff25c2,2
2e7eff41a84adf05f1d5e0a5192e13e0,2
44163eb01a42ec45b5b464b0e8195253,2
370066481995c43eb52697870f5867ad,2
d115e4723c846f540eae0768002f5c9e,2
03f54f5195a043b72e04e0b50615c643,2
e76dc817b2899a9985c9c435b90bc18d,2
6fc67e07bb22c7b5b5a6e439f0988fb3,2
c41b2b1e19753a3a539a62c15159aabe,2
afc9f86281b122a01123e5eec63df304,2
d27e0b95a25f74d5a8e1d0ea56781b9e,2
94d4c6634490f93951853d657e27a469,2
c421de714fc52a2bc1b9155a22782cef,2
c51aa54217a12c7ed069dcab320d4a45,2
a5ace757c9e44b6fed74e053fea81e0d,2
d45fb81a8d7ed2977792529d25316fc8,2
00e1d85b9ae1c64ad3862b8beeaa1a50,2
9228b82a7e54c7292b51c2563fc70a55,2
59c79b7c13df635386db1667d9743e1e,2
2bd6d25a8c78709b275a3ef9f43df497,2
b8c576ee00ee329269a762094edce1e6,2
e230073427293dee52aa61b4f01cf3e1,2
8834c18a7b4bc60328e41127ef952c3a,2
4784e284caefa11f992376bd3a6862c6,2
3acd1a9923ab0c3f28a03beab0502792,2
f203d99a862ab40072ff2c7855148d4f,2
a9bfb41f7ecf79a2706294a170837cd9,2
a2abdede5332017423a9d9c374f1ac1e,2
8a4f42c1571b024e64030fe6f6ca2cb0,2
6c743e87c411621a21aceab78b1fa65c,2
cf1346e576eb373e27d110faf18adaec,2
9d0204d2334f4366fee410762da32d8c,2
b561f4cde76e02ba1350bd7b41da8c9f,2
84ecfa728048165147ebe6d5c6af0bce,2
61e8fc4a89c60750206141bec97c87ad,2
b81ac9551e652d90387d9424dae95326,2
f8276c5db80a8232eea62ce3def9bb97,2
7f2bd22befad43b8817dddb5931ccbbc,2
cdb5d782d974bde61133e19b9354b811,2
0d0e6b086b235e344ace2f22a914f9e7,2
1b2d8c6f2c5aeb1f5854bdb148e8107a,2
47ba8761dabcb3b037ff24a3a4c343ad,2
37cf9de032174ba5dbda96e6a8f63c95,2
4370e4b3ea0546129e87d3bbc30b456a,2
f6c519341075d6df8b70731004dc4bbe,2
e89585ef209e7e65e87f36eb01729ffc,2
38caebd1d298187ca81708b9ac3a228c,2
4a646272acbcda71e5e80c784a6a2b0a,2
9ca2d2be653b9974fe8d549a1413f4d3,2
bc178648ec79093ac4d25d769aa15ef0,2
3931d0641978f3934cf202402128e0eb,2
3e2f889c6f40c86df1b47e3d655e2484,2
4342edf01b66f61e0706c1644ea7acc8,2
b3ee543ee0dd9fe1c46d26b206af7213,2
ad5a55f797af88433a656c5b1ed7e497,2
cc09f5cd77d0060671affc9a4930a38e,2
93d03d8d9fe3110a33ad7fbb3b7753b3,2
d93cc64c0f2920cbcddaa805b5700b6e,2
6d9e77221e0a46a04121a54ef9eda2c2,2
bf195d0f36a82e19bb97729dba644e39,2
5906fbe04b150bc4aadabf276a19a849,2
cf7003c628d7d8fc722cc1a8db16e0fa,2
c6a709c2d3afb996689ee1820b37aaac,2
e8624e82d8a289c4c8f6b236a0d8d6e3,2
df9972d2ec50572a5d6177334594c700,2
854d33dee01f427837a5a245f1041d0b,2
b6d2fc8094ef2fdbfb8fb58e38e8b1de,2
b2d6a66ee40af90f43157e65cd4c5ced,2
178b077f78bbc788051431c7ea9b33c5,2
08392e2f33756a4f31f5402072d48b89,2
c951c477e1f75edb902a521a0fdf2e89,2
2d67892c3415b95b125cf8529ef81e3b,2
bbf1567cc7ba7994b6d96a4a2d27b556,2
ab70cad841d3ad3b7725193861d0d30c,2
c2f25028129fb59a6cfda1a9f5505ea1,2
9e94237a69ccef0ce6a0a44941e8f775,2
2bf71cb7a45dabaa473b93a9a1f0e50a,2
87397420c991032001e0dc9b67cc391b,2
1b064a89f373f03aec9e83f5ac248c9f,2
acd31abc963f7979b21850c9db9ce629,2
3b1edfa74a5365ac3f4eeaf12b7a9f6c,2
ff8700fccb99b60bb7e1e61f0c9e8047,2
bf2c3ff6926be5dbdf24e4ed80aacbcc,2
500723245d68da95a9741d2b61f5b782,2
78a3afe6a42e4f3ef946559869d8aca6,2
cb5c98b593fd4122ab04fd19763219dd,2
0d3be9ee44b6bc13c33df996f28c290f,2
4a2cd753a5eed9389bc1abe346d3dc97,2
27da74c94806df507be71deff2a12537,2
08117e02ef148b3a27b53446ce614fa4,2
472c01296a6b8a3a6a9c8582950595a2,2
36433a6d69234ad3afdef35225858a73,2
bad81a370290979730da5db6c1476b31,2
34a9fd5f4834674d6266e3b3718bf7d6,2
53b69358f1087787a3d6ec26eb0ffe67,2
9ae32b82c80ec638b8070da21e3d2f15,2
1196cee457ee56c67767f445b65113a4,2
98ba27eae8ea0f1b27b04cc95f20e083,2
9df111d3cd3e5424755a5a3c2b7b36e2,2
a1b1f2ba4347967b91b5e4f14f05383b,2
1d1bfa2adeef39bb0a12dec5fcc12573,2
26c17567d60e1f15413af8005cd87896,2
d3a6bf2f5fdee5fa1449f44e076f941d,2
a5d54635fb0ea53de15603badd926d65,2
af9d082bc23be03c208f28863168712a,2
872c657ce41010196d91ab1448688130,2
224dc199e3e9d8f950da53bd8cc416c3,2
ac5f35f046b4464d74fa7edd303d7379,2
998abd35966e4200a708aececaaae1b6,2
b1f182fc4ebd38d2edaf486bedb3c135,2
02f046255d9b91a477b276362cbb5699,2
a5529643deaaa9c9b5551c5ff9ca09df,2
7684cfa18b0ffd01847bca394f5bb805,2
30aaae69f2dafa5dcea98c58ce0d8cc9,2
0203ac80c0971a0045fc4b32a6773d36,2
01ee1f6b0e205c2354fbc91478b5f646,2
af80f30600377b65a7933676f77c72d2,2
f68ec3d444744b139f505696cab027db,2
d4b912b55cb65a18bb0407b00711269c,2
064eb5b0b9e2775f7ce2664d80be53df,2
613f70132ea8bf154830a01b4daf54c0,2
25982f38a8cff4f6dc3d872db56b0c89,2
740719560066f6f59778f18f3f24b97c,2
c5aab344f741b49b6f571d2301607288,2
f0c75ace8f07b0e5c798321ca7a995fb,2
ab9b320e7d294dc8b8c80185a127b6ff,2
b593e0046ecd49a4177166d3e53ee3f4,2
e0c786e1997ec259f67db1fafb3d4bd2,2
093a6bcecae42226421fcd31a90034d1,2
b198b036394f53b583c073148277f438,2
562b261bf1142cdf2530450ec3754a70,2
320751d0ac4e27b40bfd77802a9b7094,2
263d25a827e2e908eede2c34c53f6231,2
2ead94ee2d35fe53d6b58899ffbf7ce6,2
44a16f03f00ff1e326e9666aba62caa8,2
ae0c37edd4f688c27673b48f10e67172,2
7b8f86b76c33ce9a61ad871a0ae77d31,2
62a9883d04d443f08d7b1b0e53ee0bcd,2
b13d913e50a3db3c3391e3528590800c,2
e3f54be6d7f8647016596f851d2915aa,2
e72c1768d5b14a6beefb7eb49dce77d0,2
c3fbffe981b8dd0e7369505cb512e073,2
45700a1a07baf19f2495903d118d928b,2
0912d68f640be2cef483365194e5f8ee,2
5f8d7caa618d5797f07df2e6735454bb,2
4a99a680d1b7157914e803f15d3e05be,2
0b1fdda7fcf6e7a81210183a7c944147,2
253bec222486401b334218a7fc380bbb,2
68f0c21a08c6cae09c30d7576a3f736d,2
55dce48c36ad7ed1dddb0467971b6374,2
551d2ed42d7a8fd18413f5a42a34f13a,2
370770e67c782cf7b6f2a6ce973d1f30,2
18589dcdfb59dbcb78782c551b1210b3,2
e31fbdc3388f164e7aa67ff631a360d9,2
34391dd8f654cb29c81bd0d3d3f50f52,2
3986d30691524f1312c724034c35e3f6,2
2d66ebdcbea4b08db465d44a4fc392cc,2
0d6d81c02a56ae11942e955c3c805503,2
70a12ad5dacfbba7f660faaeed55a1be,2
977c4686e7aa21c17427f864a667023d,2
98cf04bbd5393795a0800bf06a985a74,2
67cb21c43c0c35e3aaecb77d2ec1d49a,2
7b9e53698afaa8170906fb80852b3583,2
9492c72dd44b9799798c84bf241df7a2,2
fa23b2047273d5d331940097dc870ed3,2
2e815cda075a6e678834d959a0e96930,2
d1bed7e7a7be513d23f9add7cff45bd8,2
e83394f932bcd2603d892f40db28aa7d,2
cf7bbba30267c69778b79124916bc9f0,2
bcb62b800ddd8d7e3518a09a50b225c8,2
4f103a6cb0b793adfcbbf8e2e22aae10,2
11ef255e768d7dc8a36058bfa9c7a346,2
6901a5f470dc53b20071e9272c66d00b,2
dab6fb577542c4fa32821d095b727af6,2
0b4626bca836c2c9383f21ec38dea89c,2
0a1d9636d989fbb6d5b3973a616bf5d6,2
e55c56ff0bc024c74997326c55e5689c,2
5c271121fc4ecb88d2ae0483cd191943,2
82032e22195c8e6c5b36c1c1d1533b8c,2
9fe8ca59122947ddfbbc7ef897615b85,2
f581479b9f0b734327b7ef482b661a7b,2
aa44bf454d5966cb3d432849cf037ed2,2
0d95fc938ce61e01a898117bccf95a10,2
47a57cdbecfb030e57afd2e732b5cb90,2
da7e49caf27f393496a0e31f1b7711d5,2
dfb6db206c61e3dfaecbdd0ba2b64f7f,2
76dd93c4360c9a35aa81bf6040f28779,2
41efd848efa540bc4dc2206b920ac7c1,2
273cde3b8d30bd344916ad67fb2f54f5,2
110762a2ff35ad38b74751ca106bccdb,2
22fe529b6ad40de3cc94eaa92eb650e9,2
fb8b159c36a673bbdc4569ec0a949e52,2
a266df339b4c8e1f29271ff50903383b,2
9c19667185c987a3ae62637a7cef0632,2
45846bdba48ce318bb6ccc97c7453965,2
ee02e78eb57fba64a084de7a705dc8a1,2
c5aecf3a73ad88e96483740139cbeae7,2
7cf3a9660f9114cbed5a830a0b62b177,2
3c37b747a61bdec86363f7d9246b51c0,2
344c49516e9ea6b03f479b0d1662998c,2
874aaaf2fbc5779768dfa227e2de9ca6,2
5810bc65bf0bdd0358b1686b4dd52632,2
4c8a1896bcbe38b025cc742a2dd214b8,2
164fba9c885b85fd6dbd18078e993714,2
964c9bb9045875b86185ce144714f969,2
fb3639c7a1e162f22c182eb1492bd415,2
68e6d42ed915a52d13a3b6aefb6cf232,2
16527f6bcded7bc7c87184d8dc3a5ce5,2
a014e091d103f070a97e352509694583,2
d04c57915d2e9fbd9274662d97a493dd,2
c74dc8749b61110edf20b864f984d225,2
f0a1a56f511228aa87d2bfacfe0b4328,2
8c7cc9d90735a4ffee4949b96c8b1def,2
64a8e007d15040f6f733aa168226f1f0,2
1d02dd114cd5e0296a68be897bf0eff2,2
a32d77cb4692e9638e6610d761792f41,2
321a0061539cd23f6efc7eef23fe269b,2
f9ab3b0e468b548c059574f8ce2c3ff0,2
db3d65cf4370088e421249d760a6d8b5,2
cb61c2cdb520be40bff7e752ff442bf9,2
ddc962795e0a115e54eef20547db5bf0,2
c7815f22a4bd52a72b25b03ef911196c,2
423506f512b03338c7bf847c49689d74,2
dd7ab0cbe2eaa6d67ca30517a96cc90c,2
40e5b2a5ca59eea76e4b81acd656d15d,2
b773738e69775770bf1f34695606bbb7,2
cf63d33f2f4160c95800b3724284757f,2
cdf2182c89e23f0968aad7d0519cd973,2
339f303a3859caf4b996bbcb417aa8d6,2
4e42fda565f2f04efa1bb63efb26c231,2
10f1414c52821baf318fef6df2cd6c03,2
f020829fd37cc46e8d092569066d9aef,2
53d1c8cbc7b4abab09c836be551fec20,2
27ad3f1a137c1c53bc5581f0caf38f5b,2
ef95966d74e560848524525c2be0df5e,2
5f19e919dce0c05c31fcdeb71f5ecfd5,2
d6f188f27cda468391ac0c7d9afbf487,2
8204da477ec4638feb744cca31459e07,2
892e8c586e40df648e7ada9b9a9eacd6,2
39372fb602a9c337ac16374f8a739b5c,2
a7ca83d789c115d0b9a64060d3f4eb41,2
e3b4e53ec86d914ee1006db87808aaed,2
a43ef39367a6d98ad7f107a468072d78,2
a231cecac9122a0138d0b438ef917da6,2
307b3246e405e74212dffbea8287e2bf,2
94dca0ea139126a7e2ba59dbd61c8744,2
07acdfca46b080b47ca40bee01078e38,2
93aac892daa5a10b2112090b3209d6ee,2
b6eaa01c483b582712a4e91415a8481f,2
e56cc3a6b00c4cdf2a6b12e9e327b995,2
ab4b99fa27ac2e940871d2ad04fd14b9,2
17de7b721621a1eaec394c7bfe16f61b,1
ee918019ed5025c4db6dc4e88b27aa12,1
dfc6f6a5a1def725732484a77ddd3945,1
14e19e1435c623e1c2e989a87f3fc6b4,1
86b2740be95e06df6ab169789e7aa6c2,1
f336398a22f1da4e0a88940c70cb96f8,1
83d6c6d06fb19d9d60645c4eb8c35036,1
896d756c0d3ad943887d7f3fd9418b72,1
fc29bfb9689912f4e820796c8b508ab2,1
01895c3194209ecd927736a898fa8f9b,1
6701f3e29c5233b91529e036cd656379,1
42b0e3caa2fa28bcd570133c5d905a89,1
6c2fd8401b342e083f3b98a19f4b8602,1
135c0c14ca8b847ec7b7efc2a8d1494c,1
74b715f9b335137ba3e7642d0f1c09f5,1
69e7730442f92e9eba42b5ff3abcf9c3,1
f3547a9842fb0ea00d8b6d6dbad346b6,1
b5ed81889d9c10b31cc89ec89f1eab13,1
8262a00d258c627834c56dc53b36c6b0,1
56fe476a37d6ce58181f2626ac1e0021,1
dbc0d30aa561002f304fb10078dca84e,1
c16923e4ffeeb41d910c10846398ea69,1
16ff4194ac092dee47db497a791a0273,1
07db5809665bfd60c2a3e66b7c057d06,1
d1654c45ee893b5294a364ddcb06388b,1
a52554d4cf90800520390c15f975e56f,1
63bab0472fa9f9d6641e7ea5e87e6ce1,1
1e7f8e2e6f31df1bcaf98ccbb23c2217,1
6780db71aac3b1f8ad440e14a889fc00,1
cd34dbd4fd7b7400df6bda078617cd76,1
2a35758184f02d842d1490e9745cdf74,1
d66eff97e3ff3560409635ad8145b85e,1
322d8dc0396cc2bb4e71873c81b085db,1
520d85dd8b5ea9208f45d126b08e7ef7,1
bf98eeca83cd01ddeea5f5a54ad30948,1
055fd54def8068ac9756e86de5428964,1
f99b95032313b824ed8e6753f34df4fe,1
424225ae38afd9b228531973aaefb8a4,1
bbe1b9b5aadc8b68d5ef04b31883a0c4,1
ebc76009ae78864fe50f189180154ffb,1
cc5d4090900185bd113be6b3462e739f,1
376e0f5d40d43b1041bed1a80e461abc,1
4769b8653ecb83d6199475c652e3dcbd,1
59afa5ac5df7e9fb2d81a1c41b7edcc6,1
bb230748521a6dd669427e3d5f903862,1
f5c5240bc788408da4800e9ab079f360,1
40c57a81448961007bd0e6ee16711d57,1
3df00576a8348791099b86a805622fca,1
f0d2043585f80268308ba6203db8a470,1
20bd70813dd0b37a42bb8e8c6c65724d,1
e4d71676f1f946f0bb2e685e20b5cb06,1
2bc2abcc5f9de1c4081ea8d43dcd9d5d,1
8a855819dd529c94e084970e6df27bba,1
ff1339da227e3a0ac1112819c9130632,1
72fffdf991bf6f0cf77bfe735f87d96f,1
e13dcd6f5242c5cb64fe77eb9095ac75,1
baa8a7287e5d9733f471aa2d0cb0318e,1
23bec6720c9544c066ffde4c6abfc97f,1
4f39d2d1356c44741461967401418992,1
4f83126a18f550efb52677c0ca0348f8,1
52600ff753fa96492557dea822e4ad28,1
50117d8a7e298275f54a5a428c7a8b10,1
d73bae15b717fcfd41c69e07dcbf106d,1
1b3a9295da89bbfb8ba0ea2bc386f890,1
90f4da1690ac3652a17bde3e65b78d15,1
2c7677c2066fdede8a398e7952647139,1
2853d3aa5e52ca6b6864257dd045c4b0,1
f0d2909efc8330ea13c2fe6b051d9160,1
b092605ed7a038e459087ec691dea739,1
23ba2486bf26e3eb80913978f08033c5,1
8493b6d5899acb14dbabbd0f5a94c7f6,1
bfb0db99c413df9d4b18c59dae68f875,1
05bec6296b10b5ddafaf95e6ff72dfb5,1
a07420e5c06b80fc78604681ff9fd769,1
f65ff34bb40bc43c5f733fb5ff384e9d,1
5d79a188b952676b531eae386cad7968,1
c1b7740fd9e76f2da82a2c3f00760b39,1
e6ce69b6d4cfbafea74cf10838fdc301,1
fdb092b589e5517465d93c7be2df59cc,1
315a1f502581377a53882bcc695b2dd9,1
a21762cc34047ea7c4b88c9885dfd491,1
995fb199c4c54b0f7a0f599c3205642c,1
1dfc390d6b546d68e95e659a816036ad,1
508a2b1fd1a9152d6109e83fb10add6c,1
65f480f9401a23fa1f8398a0733bf832,1
6f3688aec1e1c879fe188fff9d6997b9,1
c37b6242812e1a0f050aa73c42ad6472,1
797fb127a342b798e68711d823ac25d3,1
d16eebf8efccab2011f24f4b5e560b67,1
b31da019c07e06c0fd756622778a91d9,1
e73bae1494cb2f6540353cf083618c3b,1
fd79e9cc0e0177bd22f851cc91cd939b,1
771df52a878ab5b220fa6352bf573c27,1
8aa32d018f21ca00e0556825bc90a3aa,1
ecc7ac0e4240ab40715f4be10827342a,1
a8e150e19e97fb9b230262f7edce0319,1
def305ad6f0c3e4e5e2ceecfd9ac17db,1
add70d25721a90fcabab91d6757ffb0b,1
cf21340521ce33a5192e1d15118e99b5,1
8ddf905aefa75099193c69565651a285,1
458c8f145281d50c787d242a46b737f5,1
78ebfbbb0451f7fbf97256dec1942529,1
05933f5a535004df3703b84fff57332a,1
d91a2851117f5aa81e178f4135cf368c,1
f16712da63716684e2faa41ee82729ab,1
2205c3f2fdc8c604b3f37439eb2a7dbb,1
62af58ddff6affb13b92bac193224ca7,1
07d8026b5563da278ca5fbc5cc82b18b,1
f645fb9501c1695dbe007730c6996c6c,1
c65f49b998c8e3e9d2776393b2eb706a,1
3ef1e2320a5ef058031161349c13c7ce,1
cc016cc8e314f16790c2c5aa1c72708a,1
926ed46af52d88d8fdeb01c1a79306a4,1
5e0470b4451828f740fb6d75a478d52e,1
56d5d28aeb0d4f27d809a89a448e54ab,1
f8b743396f0c62c1e158205d57d82993,1
3c1b9e7f370257322a88c7bb500995ec,1
6b837f777127e1a51cf08431411b8549,1
7db1961dd5453988476b947f1e85d000,1
747f3047e88d238b477b07edada89ba1,1
2bfe86c5397e3989609bb0be24f6a7fe,1
86ed9249fc695d977be48d52da4be2f7,1
fec8a482917203e05cc3c9f8058ab793,1
1fd312c3a796207c77ddd7de871ce9de,1
ab585df0afe626795790a255e74b32fa,1
c8ea683d5a8fb385392d10a36ce27d4c,1
4913f7a91971a69d43ab120bc10ad9e7,1
6db0f25455a67174514abe37f36e7bd7,1
014a3c8d43226f024835a232915aec12,1
3b480cd40b144bb7a00baf6f8fb4f1b9,1
6768e18e053ee1bc8db21020a24404db,1
6fe2777f5461670f30ba3433a1b113a5,1
9841d3f5b93f9ea642a59c8c12078433,1
ef3f54e25a6b2a0ad824949e583d8090,1
fc7a3185b0b07cd782a89cbd9d460822,1
ddbd3735060cffe912e2757d8c08f0a4,1
a602c9740fd8fec7d9782dc26c007f37,1
20f98803df24ac7d00e9acd63d2a85ca,1
a0e9ddf6eecd2dbbc9fb8fa2863cfbb4,1
f6de636f1fe529503bcefd917fa34bc1,1
0d48f08d9df178598aa2eb2b89eeb1f8,1
c2c9c433fa92c9fbbf9c2e275838e0a5,1
86efd14cae1fe10e938ad66e6dbec102,1
16a63cc2215ebd3bfdf9cbc99f444969,1
856933ea1cb79403a3b419a8d4e9149e,1
642569c36d6b36130202380344b25e01,1
3c640c2f1236b20c9d4d1566a5cf6b3e,1
3c8638a03206052284b96d424896a6fa,1
6ffbc5d5676f1b82cc8eb98faef047d9,1
85365926a91c670a7e6ebb9ff0550eee,1
488b7711a34dcb117b24b6d17ed7fdfa,1
1548aebc3da01dad20ac800db8d9b218,1
fee4ca5cbf10c86b49f271fc12e5c497,1
673aa39418069c8ab043024f9d59d6c1,1
ebc7d68ad6160f29548d5af95388b65b,1
b8b7b3357fac9b01ff3d1787c4cc2c9a,1
9427707d309a484f667463b7ad2b8bee,1
92accb5d772ac0c5d6373d81c474b50e,1
d8a8799794fb44f2639a62e2f3c60356,1
41fdd6fb8dd60cd0193739e2f7bb4ddd,1
824cffd6c854cd7687e7d501d1c2f1c0,1
3b80e4dd6ce56661ef0cd1dce93214de,1
288fffc7705ac136dc82560349aec54e,1
8bc5e6edb268d7d94d49a4f5bb90db1e,1
fcfa2ee6e61406cce677b116d7e3b3ca,1
7e7a0927e5d853f6c84b3bdcada4ca9d,1
c6429673ef789f027b3d6450ce152abb,1
d01f6999b20e56b963b1eb0fc753c803,1
1f0b72665456e3333e1b71a76d2172d4,1
bf02c766a426595978a371ccd2d1b48c,1
8946821a079fcda097083b5dd219c0ed,1
5c9630640a526132caa9e0c947025e7d,1
8f3ca2eee1d564e8c31f56ae02e4a4b6,1
64aa09fdc6ab6b9a2acf796b5f91df1a,1
e4516252d5ce44cba297e6bcf3f8c588,1
27941bd5f39503bcdc383f31bb650b6f,1
0268dae589a0ba65ee14dc255e1ff766,1
0010443371adfd957199854cb1d896e7,1
39fcf3744cc7d7303629d885b99599f0,1
7b74663ec110ed598e40796ee9249e99,1
2b89bb51b17152b19ea40203465bb22f,1
96f56e7050b4d291549d07dfd491eb0a,1
017faedf803b53e5213b810079fb797b,1
eff2c58416ddb5b47c835f2b9b989ed4,1
797c1682cfd1cb1f1bed49b4edfe0498,1
fce5ddd00e5053fc75f8fbc499f2ad17,1
e55da1d706c6dd02cf1653709eefa46d,1
1cc14736b2887ed04ed097cf2231549f,1
4fa1a3280072164d8c2278a810078970,1
6d74ce12c24d08f122b5180ef9fa6b8e,1
927142af4ec3d8f5a91947b1ab60edfa,1
392bdb7c1ee964a97b5953ea5fcd36ca,1
d05ce387f6f0a0c590be0f99b465f20f,1
9a7302bcc7d4affee1db40e7a71f9cd3,1
17c52b63948f671e23ce2ccadd5454cd,1
c982bad81198a3413b630ee6f0d907e9,1
11adfaf554abe4c72479435f08b7deff,1
89dc9cd42912086e8a7d7c1a8998e76d,1
17a99c0255090a67e2066cc3d4da1949,1
2dc4de6eef93fcf87503bdd5c84ae631,1
8f541e380283762bb3a6dd8ad708e340,1
a5e307ad1a6c365e6dbfa99a3c377e9e,1
862ba783b5ab78b16247174baa685cee,1
49acb2a688bf67c38c0294ef7bcb096a,1
8e3bfab18d820ef25e5cabf3986a8d06,1
765870915c0e7d52537a1bd05865d4de,1
068d6fd2584cb551a76d36b29929ab10,1
53142d7b5aa39e86c52c2a24db162445,1
40f28c29f2a9b9c6edfd34dacfaae73c,1
5e180b2da264a1fa6b16852b7834d4e1,1
f80ad3229f8522b4c755d8de87d9a181,1
544b59aa14ed804c0e8f64870bf5f585,1
df35c9333a67797cf30c5097f3c4e1d6,1
0b4d1601720cd9703a10a86b3303e584,1
a20c43d46b5b8573ebe4943842ebe8d4,1
42a6b263999e525c9a5f637a7dfc70ce,1
ccb97a87eac7b853f7496fb86464374d,1
e4d2d4fa853e5c89f5715de72da8c219,1
71037070a9b8829c765d0e4356ce9e76,1
8b447fcb3d3d5e742f2d689cbf20c328,1
5983df7623d4d76bbe6f0df4a31d4e96,1
d8e8c43686a154cb90dcd4dc5b301783,1
e61720a12fc80aa1efc13c6b6092a65b,1
3286b003c6ac8cca8be72465d8dc9e63,1
83818243f88850d0adc20f73a947c227,1
fe7275e95f583557c197a11a5b94e22e,1
0cb458a670804c14007d5f82c2f3c820,1
ce3df1ee58af63f8ad9249713b8c862c,1
9f172c9f710117a72bc8d3ad46395e04,1
0d9b70a240e468606c67e6f54671e7ac,1
b6c4a6608639e855d4a88a4c472a41c1,1
2179d70e87974058aad8d80342ba1c97,1
9180c3c9480954a4a3166344dc451579,1
3bf20c2d8799e6be6f7d332da0118493,1
4be46d7921917239a74513c289f05411,1
0ca6b0bd4203b5ff2675dba03759d524,1
14ac64b37c7ea80ab92678a31bba635e,1
bdd3c4fb549afc0affa75783d2812cea,1
52aec5f74a7221719b68575cf4ad4465,1
f4610570cba3f1e45c5a3a880878e6b6,1
36cad567dee2dc6f113addebad81dacc,1
45c30891a94201651cd844d8313bd473,1
621b45f3ec2b777348c156631fb3340b,1
031ff5ed0df9bda72dc99141354e0187,1
2b02038a6c803cdf57422d8a2e707a07,1
d756529e0f95e9aeabeba8a1ed6bf530,1
ac5ffda7176008c93acb3a3a2c0bfbf5,1
22e54a97becb51d7704a0266b7fda5a4,1
e12f3c566a18ac1255a5bae3fc185c93,1
8de1e51cb0c07a817a7d13a745a1b507,1
e6caf74867eff937921948fcdaf9211f,1
e3a850b63db765b353e59b9f0aa4fa7a,1
1da63675e6d43260ff37bb38d288a2e2,1
af72a9af6b14f0f0091730bc4b92a842,1
586ec0cd7f62bca87df535fd1876fb17,1
043a6be875618a7420520e6de0d661b7,1
d81a04003b60f72a753716817f1c210c,1
e209b1aa8a15c5ca120b09f9039d26d7,1
df5cde17964681d5e1ca91c199053401,1
1994204dd86927f727a21102b65a8b40,1
ae8a0a71d4934c179a75befd329e7892,1
3b86416edfa4f41767f6e8bc6220cb42,1
e480e05fee10f3e914dc71867473d07a,1
a2661014f202ddb2258a5f08c5b01798,1
e5822d2c2752251d814132983e0cf083,1
eaf4537a86eb16d8fabaf3e1777744f0,1
b8fbc77de5cb088c433884c46129a442,1
a688d6a0043839bc73186e8a28b6122d,1
922372afba09c23b88d3ebca1c644fe3,1
9f0987f4299f12f9edc554d10987f6af,1
23d21f547e940ab3a7cd6b8e693d1e07,1
cd38bdaf0b8ce6f11e62e734312388d9,1
49fb9b771971fca6f3fd8d37a0b3fbee,1
ab6a0ba397a6f6815db3c88516d7e84e,1
d6a194a3fdf04bc3a4e2e20bf4897b40,1
40b4229ebff14ec8cb9225795c2457c1,1
9c834f976cede47fea3409898c2efe80,1
fb7589d3e502a9412495d4752c834df2,1
b1d22753720b9bac2a6c31c14e62e30a,1
55830a8f7c58232659f6d784ac2ca02b,1
743ad56103f3f34e3272d100b4b8b43a,1
98d439de952b0068e8b4b6cda84232ef,1
e6f345a460dbd6ac43bddcea5d7c6bfc,1
831b231b368ed56302fb35f621e46038,1
b17dad3ea2eee4c9c27b482477e6bcad,1
7fbfe33ef0b30a40e394d1d50634d433,1
db2846167cea373b7ef529cb6a0b1b68,1
96c45ca4d99b6cd1e2da4268847b056b,1
23a22c44805a168cf64b93f724daa6f4,1
fdb05395d3539fc11002f20493271221,1
c1f9c3f0985d937eda03f2b8ee15fdb5,1
02b794b19640c21c1cc234aae6af9309,1
e9e0210a7fea3b81014ffb8c1c3c57eb,1
6db5c1eda1306b041cd1412565c8a1d2,1
d4b170d3340859becfa129eaa40daf69,1
7d63a832a942e20c0139566175ac0c20,1
504a9f7565b59022b847fcf4cf25d851,1
b2c911107c3f39822c930365e7b8a780,1
a1901636e47ae35693fad0b642995492,1
ab4cd827807d5f8e933603b789a3488e,1
e6a5fea2f36a655ed9dfaca6033bef71,1
77ba26256de2a81a759e677ec2212881,1
bd15ad75798053477d726fd19a2340c2,1
68c25a822f555bab48cc12591a23c55c,1
f35943d20099ef6ce2141bbb0570f695,1
2176e94c2dbf3b29439b5387230947a8,1
31fa56039c911ccd41ecbbec777700eb,1
9c3112fc59db378ea7fea383d43235b9,1
fedc4574171c07d251e868b9d0d5bd76,1
7deebcd7ee77716a4e0dd9a11ace562e,1
c7bd18d743d8d478aa3cf0109d54988c,1
3565c99893d686659df745477a7adf29,1
42862852b6e6c549a89ce072894e3bc9,1
a923a4571a90291245440328abc371bd,1
955252b952cbe2ac55a0129f02023846,1
f2f4e536c2370d5117c59d7772e6c669,1
cf693f54bb6e2e9372011dad04da799d,1
ede9c6c30eb1e78204609e405bd2ff1b,1
87daee2fdaf1841d9b8db7568eb8e8e6,1
b222623b8ac3fbcfd457944eceaaae75,1
abd59ce3bee5785687d8e2177721a153,1
815edc3bb35ea18dc722ebb82767b204,1
170bc1da587461b6b4d6e346f4bdd7ad,1
674fb1c692b6717c89795653bd1ae5df,1
d62db813d7d3a0aaef6d3ee85ac110bd,1
2969fc600d0092f9c1294890370fd363,1
77f51c1e57d52d96ea548ea225b8a78e,1
24ed5cb74be8b96a1195bcb60c7af8d0,1
3bf94ca9b114e0245fb375dbcf1fbda4,1
a4e6f4010491e3c2b30b86b96b3dc488,1
b84196434846071c1a84a914cf7b7727,1
6c656cb5c83397613a6a128887827c59,1
c29a171d31739fdc127668de273f6cb4,1
acdd336bdcc9d9b4a98e1304ca365ac1,1
b21e2ad8d0f71966f4c5ae711e92ebbe,1
162ccc1d15b1b3d523ec65137eff7eed,1
bd6f43811718d209f94032f71622e875,1
e7399090643e5daf5a4949d84224ce4d,1
fa3496b2578131e057aa90c3fb8d6e2c,1
176adf5debf09264d3843698d93968f9,1
cded9b13f7c33cdee08b6966e23f7fb7,1
5117a1b642bf2b7da59fd4e627a77473,1
385dd52630e9149324c6f2baef1cbe7f,1
40e9a0983efde7e5ab965f706869290a,1
777904b7ea0a7105b64b6d71618dadaf,1
a01d28dba57cc4b2c500553e83cd1273,1
9af3296904e35f2c0cd453383990ad42,1
c48fe3d48c30a9df6b36a74f62a60db8,1
346f9ae51c819d6dfa82506671a5f609,1
f9e958d3b4ed756f1b46bea874420448,1
8058ddc676f60812f8ee838f1e78b2ec,1
627af4d875dd4ad7a2809f68f3ae71dc,1
08750c02defbaa2f730690a1c0040f6b,1
64ab39ee3b576dd38e70d1375188dd68,1
f5a3e1811a39521f9571d10224f70bcf,1
d3742503732477045a4226250022bdcf,1
2914e16d20c9e7ba9de58e23d5de724b,1
8973a272c944944d894f3487f11c0673,1
7bd3e8256f48b5a5d173dc230b9ad36e,1
c618e019ef6aa1cf22325384ddb340f2,1
60983aca92d2b2a5f8de774b27547eb9,1
05774eef18b2c27512dcfc905469b1c4,1
969a77f523e73298aabf75239785f92a,1
cc073aacc08107ab2430cbb831b624c8,1
25e7987c9c8d657e5fa5b90ed19ab062,1
05e4be998c50863f7fe1842f75d53350,1
be0a0f483a529395e74ad48e2ecc6a53,1
311d934efddd82e7fefc185112cc99ac,1
cc768001f281b98c526a3708515d8b29,1
492cc10727b51cd5d7413e7c9557c732,1
e9bde1e50fb49fe92cc1fb0912087838,1
f80559e11958bef4ae15ff134eada617,1
21b4c57ec901b3a03ccab67f462323e5,1
2c557650af69222fa3e8f6d4e3ad306c,1
70f12b1e4275b72b00c2f501926dc335,1
6e190a12947574ce81b39f722fcf08bb,1
6bc6a39d9e68fb0a926d93386d9ebb26,1
784be0cba38e33bcf9e0faf24582ebc5,1
c868e171b2b2b7c99e74547b54465207,1
a216539f69dae8c94cdb189df69a75c9,1
9837fae87de7787f46941b27c78778cd,1
178e4192e49404612909c9011dee1599,1
fd649e748c6f8420570614a132c92570,1
898126a26cb902520baa20c050440423,1
671df62cebdfd016b339c521d6ead008,1
e5f80c12ee0a8895bdd9583b448c5c48,1
054337523665392a04b49cdfb77b8994,1
eab9994680dcecb891356c2734f827e4,1
0e5c5b4420f6fcb601ed111f20a5a469,1
d58e5c8c8cfdf4f39ec42481ae67ff6a,1
cd3c25aefddf79eeff1cc6857b1b8433,1
61a6604bc2838f9ff53a3dd83b105158,1
078fdb36a503859d9a7df5bd8ca9af82,1
d096f6d14aee72313e2e1e9b393fa60d,1
bce80d4d727ec0603e99ae1440fda5ad,1
893796052f818a7930b8b91cf4d505b7,1
017e5b5d31907f7f621fa7187914cf49,1
ead84dbd15b6a1456129bf6748c39630,1
a9b213451a2d47d2521243bc29874715,1
8ced8d9b7f7092e1d2626fb7cf1e6fd0,1
4fa6cd9270c59ea4c4e7dfb1c4321f65,1
747813a7342f7e3e90ac80a5dd1ca866,1
8641943fc5f71e630e77b47fee52f779,1
eba41237523bb5e45601192905405ca0,1
49a4261c82dffa1bc4aed6262de2ac69,1
808597c628a384f87ffbb7170e450769,1
b8e740cff175cacfd2ed7d62fc9b6e04,1
109128a108197c106b5da2fc4c62a99f,1
f9b90d4bf109b2e5fcbcb01e62597928,1
a499cba418e8bdfa3c446f8d0bd0c589,1
1417872c22448d3c743eb5656bea8f98,1
d46d1eb32c6a58ad49f97727ee22080d,1
7ac08659b2b647c36ae7b82f091aba83,1
7fd25b191718ec7a8cb10220e19c5f4b,1
373027be92ac8bff6a586941d0e8ecb8,1
e3439baea62466cecb4c8799e89e7c82,1
5f1dfbb8d23da79813a8da416f81c439,1
33794fa67b382384ff3660b00ec57115,1
d9225c63d4223d62e0881cff5a560040,1
232663f01177a71cd68104afeeab8115,1
cf0bea9115eaa685139c135f0cf60eda,1
0987264d9cd50e7f2172b00e39ad324f,1
195a9e73d606df57f38aec589b56f34f,1
8746f452355e26d98979a39449766624,1
c1bc97c4b76c595d591d165064783f1e,1
30c34898411dab3e18003115889b3585,1
68f6eda68b672d617f26793c3384c34d,1
d6d9f7098e8cfb61076ade9b7d35428e,1
189df8edc177309eb636e36c4b29e1a9,1
3a9f2e8279ce75160473e4e670c271ce,1
332ae04a1a2e480c84e9ed6509ed0408,1
54c778c2f67c2b15b149da913aa2ab4c,1
10991e53c55d9daa9c8b218af1463fde,1
ab759a4a1a9eb2e2a078c5496bc940cf,1
baceec658898b455d7cb69375c5ab3db,1
ceaa79b6be8c8d75b13e1df5f978ea56,1
fd1e8e05a2d725bcac4aa228de722ad6,1
598863945297ead759dc149430251237,1
e08137ae478b6204411267a9488cd9bd,1
9abc7bd8e30d866c27fa8c6fc53e3dcb,1
2cbeb324dbddcc061d2a818a4d05528f,1
3ff0434e32231656b1640aee24339427,1
87ce03e1f47ec493c6a948de170f446e,1
438f82604669d7a9c94a993c0b09841a,1
abba8de2cac92ea1b89fbe64f663b199,1
e2639aab39d26e6fe2cbc491e8b6913e,1
507365aacaa214a4ad5ccdaf93f36afd,1
4f98852c1aade3380705ed0d7e67a925,1
b70d859e20c0d0e51fcdc2ad1575ae22,1
e1acf1097187f736bf4609e4c75f0620,1
33888bff78f18f3eeef788e1dc5d13e9,1
5f689b834833a18ebed93d55b7cdd163,1
a3d1566928bf50426c1386d041f6bf1e,1
fb52d464bccc1cfd8172da8a2a7ed7b6,1
6ebf0ac453154f16e11f0c30b320e40b,1
4c443a406cca0d25a8eba12772e1b0c3,1
b593d7d77e23c40257eb2aeabb566bed,1
2b626cf5c23e37379ae7f2c26cfee408,1
e2c1e18553044c673bbd044f5dba8317,1
0ab6e8c0e638f1dd7dc573bf912fb0b0,1
b3c163ef21ec72a34af83937d2543d35,1
a6c0845687d196e56fa2edfadad5d980,1
3511afc77e67400cbaaf59d2c2af1ca5,1
6f5655a2a208932b505eb86d757c44f7,1
a8094d7dc7f41eb9d17052af1f3c0f60,1
c7b3e0e1c052d2282b357d2679aadeb1,1
a60ed7a003ade33c8db53d3088141352,1
14b8a53c5c990710901baa91b67ba1ba,1
941ed3324d85d7ead0b6d01552aeafa7,1
82d8f68a39d1e9592f42b205a80e3625,1
a4b06f9ef8c3aad9d887ed329caf08b2,1
f63b70e80cd821cad06faba4ca522df6,1
565aa5db4bd6ac60f60f49ec102971f5,1
370053e40b90634686347f132c19fa9d,1
34e6a213da00b224dcf600f6dd4ca1ca,1
f40c03affb14cbed01936ed182031f6c,1
e860bf89664ff1241b272c80cdcf0b37,1
bff66f2766e5f2c6a8e309d7bb881945,1
c4f661a5f25ead572d2b0c400de33327,1
aa475bb5664fc7775bc933c56c64c750,1
e7ca77024217f2cce0a2d8e7eb420e43,1
8c7ad27556ed6a696878292370e0f62d,1
edc0bcff852534e157eb1824abb49c2d,1
4ae405868eaee64568f90f2de88a7f7d,1
9d4f3c2a2768e1588cba74fbbcbd5aa2,1
0f475194e475a065d2c7cff90ed672c3,1
840690accc25f75450c7e33a7d9078c8,1
985c89d48da4fe47e79886988e20e9a2,1
3456d40dfe49ea5d5fb9d913cd67f399,1
5772f39799fa138dae5692bb18bf6811,1
d42a44fc1794f4a499d0c6e0927e476c,1
7a6b5e13bca30a7e23fc8430b148bf40,1
961e6d9e62c394086fbe4d2c1424ba3a,1
7465ec0751064d8b55933b6f637a68a9,1
9c384214b5cdace473bae26be9911e07,1
57634b2d331d221aa8a36cd9e3ff674e,1
ae5c8a202ff4c33aa6834464865730d5,1
c04148ab6cf88013dc108ef2beb40ef7,1
82ff561e6112aa0b8db0252fb010ab0e,1
8285638d2492b601856177b265e1d80b,1
61bcdddfca19f2ba7ade5c61ad1482b8,1
8ca904e720dbf2d4b6d94f227e54cd46,1
2331869e82aecde0743a4547a04a44df,1
17dbadf96394a6d8df543e466633ad91,1
43e3f9c273ccb31ba561a8e76daeaa44,1
042e198801806f7e1ba78615d6fda79c,1
87b715f03be04ff7cc3a5178b0d5cb4e,1
8f0ce303d449113f5f5e2e33ba5c9875,1
8e2dc5fcf3ff41a663a77edda03d76ee,1
7a4c7ffb766b91cb4146a43b44da820e,1
275dc3dbee8affdf96ac3ad4fca6c6f8,1
55593ff40ebbcce65ac4a89a2a41247a,1
8498867ef05c456272cb6c7bf589dfea,1
4a88adbfa01b952be30d4d92e8678f3d,1
173eff5ed16e6d2ba97b699a7e0f1e53,1
5b6960d0d2607b34526c1d38c4cf3b88,1
b55df85144559c144a44ae1deb83f36b,1
624f7292a06bd8c7eb925c7065362f19,1
aef79e54726a9b9e5083d8db5b2b5d2e,1
0288347226888557e89fe565abc56ab6,1
ceaa983a137befdb0ba89ec26282e65f,1
d480bc8c230a93d3b81e509777aa1333,1
3ea1815b6b0ba60ce61268758d69a8ff,1
2dbd5e77d6f3d112ef7aee7ca4e4ea82,1
ce525a76dea0928f3b650b4e1490e474,1
f8e0d5f8a70ea2c92396b09e88bbe3b9,1
87b644ab947259b5126ef496aaec1873,1
2c0bb70aeb3f5e6d8a1bf8cea04cd31c,1
6d3addea1a1027e91a83081d9d7a2a34,1
a8b1ffea454c1504b03bb94be8d6a15a,1
c2e230723ce7bc21a61ea2d0e39e4956,1
e7426ac19fb1d7b9180a341e3bd2aeee,1
14c8ed14f6b40b2952c5dc8dda4a0299,1
9befcdf0f0ede266ece9b94e03c6d54e,1
616b1e81c784344387ad13f9119baab2,1
55348e8c7d49a8d4ddcf779da9aa6683,1
0973881e284f11fbaa1ad7d2efeaadef,1
69e77cdeb65bb4a6b2489d164a1e6ea8,1
3b03d42be8fd70b3bd7955e352848fb5,1
00ace1214b1e9714d6480a044aa3503b,1
0a63245be782f16d0088aff35ba2f2a2,1
20790557445af4bde45bfba37aba2ee1,1
612d1db19f8c50a1c39d368c4228b11e,1
3e4b224ee27256d52e0e4215b1cf5984,1
ccea0e25f5be5f17642e5c98933a54af,1
0673511bca42feb78febebcd60a6635a,1
6654f9809b5a3065d5d183ab653b3992,1
a27fe316093df88c35ca68c3445575be,1
385ee2aedb60fccfdfa607e39a235256,1
ac34b89b17be8d0ef796fffb3e4da653,1
37a8bcd51133150add94faddd394ec40,1
6cccd681639cc79a3e5491a633b19c61,1
add5c8474c47095b90da40e07b6a696b,1
7efc09e64e434e448f2448f572242e32,1
f78eb48cc2f8ec3ed9930f1697166e0e,1
9ab464c0aa94edf6bb50ca7602251cdd,1
8f1fc975e89bd1c18b6c598c247f045a,1
fd4706c54817bfe241beea4a3c9ecc64,1
7a5698f5983f9cb7c31701826242b2fe,1
d58d3efa274fa64ef6185d7d1ae2af49,1
5288871f099c696bf6ace06ed2ef4778,1
6cef45410de8dff7108a7c6c2be835cd,1
1a427c36ff8e4b482ee79fe40e0fbc95,1
be16f7f3a23eb64337ca14c5af9789bd,1
713bc84241fb3749c66f26afc8cfd9a9,1
2b2a68f0e8a05f0c050f2e170614d3f4,1
d07fc60b3601a44d67148acdac180ffe,1
dcd6223c13c2c3ead278ee7e621341a8,1
2eacc07342502e7ad177ce7fd3e1f7ed,1
7d16e744c286cc246c34fadc32a5060e,1
fa90f5a873f48ff365d98b84d13a2569,1
b6645131d763a87981d7c1c0991b1645,1
4579c511cf22d556e1bb89fefdf301f6,1
ed51613d8c78ce35ed30821b2dbf43e7,1
f03f5a73ea904b4eb90ef9c3e91124f9,1
f6d1b0636039774add2bddb66d39c4ef,1
bee2af3d86e60c374521ee20d4de8cd4,1
da3dbd1407aec6fb11a61b57da2628fc,1
98ce80d08d80d743d2147235da294459,1
dc7c666a829915a638299a168117f11e,1
9fea1c21124eec6155b08af70e5e9ea3,1
538ee71e83e26e5000b15aa529c9c480,1
4cec0d7d60e625a2a58ec67429a71a11,1
307b1c6ad4927139d40d5aa08fb9dfb4,1
735f5b5aa975126b65b39dbc45da9a56,1
aeac6376fefd5879bd42656aeda1a58e,1
2bae3eda8e4b0ea0dbdbc4329c26f0a5,1
a3d6147a9c551d9595495844cab477dc,1
26bdb4b48df30f6342ed3b4320c1f111,1
a95b8324101f72938c9ac0349d7c0af6,1
f892e052239b84162cf37cce1c9a08ae,1
51d7c63c74bdd024391018bb057e4170,1
52f57ad361515fa431816aa5e06eb127,1
0105e637fc80d0cff846ce1a5cc6f4a9,1
b395a12aac58664da04f8388b0335bd5,1
3e5c2eaaa78d56f5faea7f61b880ce09,1
17b838e23851ab5c996a751cc834cf33,1
1fe53b2db7397a19cffefdacd1e4f6f6,1
7cf46d8d96c905855f46cb7e0a92105d,1
b56b60f387c80fe2cfa4ef1dbbbfb93d,1
b630e8b1aeddefb650315d1debdba5d4,1
38c63524402bbe5a5ed8a18ea7e0599c,1
d47d239295bf3c3fa358ca2177c6588b,1
47289de7fb1dd20af0f45057f6cf586a,1
6377a8814fe499d6695fe260f78ef559,1
d07d61711312a496cc8f64abb9ff7eb5,1
e9ac6e2748b9150bed6ce19ea1c00c95,1
34156495bf962e70dc9ae623f5db3a11,1
e9b295bc82d73a42bd3868ad2be2e459,1
8f064808966760d1861ca452ff02c507,1
486b0943dfeaa98c36de2ac4eb4e5de3,1
fd89b36b84474a780ddefdd8f2350a45,1
b6c7d23c024f62173ed4f0d43d3639aa,1
26099cf8262abd5c8e7298540217d469,1
80dc4411db9d1f613546251cc98db202,1
775d657a9517a6347d1f044d519148c5,1
a8a68ce562270016da8b1d74fda8e086,1
87b2780709f85e6f95d741b124307b9a,1
d8f7e996a298c8611785e5ab23bac33d,1
030cc7aa13b4a10b362aeaf830df9ed5,1
39ac52df42fa80e30086b8c78c83a427,1
41bd81a19691d4c4c55cd6419bf9f01d,1
14f3c6aa9131b05c71e44028fc9f3b26,1
cb8f4a919816f8214306f6d8f2d47609,1
efbe97091ad5fb8ba393fc9d096f0381,1
bea5c5c7066d514a7ed8a161f1801fba,1
91ccd54a3ff6dd33770b1ddf5e8bbcb0,1
9ba3efca99938d31067d14508b22277c,1
891552f752a8ac1783146a751b0fac29,1
910139a394b935e3a34c771af1ca58c4,1
482df043aa3501f054708a6f61ff74f4,1
7d41968a4c1173f1cc205f1cbb75d5d0,1
1a0a809569d6a0f44b5c9c79e0186da8,1
3936ad0b94c802f2a1984cfd0763dc39,1
efe55a8ae298601a101d9331a384e72d,1
922d636b934cdc3c52fb8dfe005cccd7,1
7fef3bffa1bdc54c1c29fe1bd1083d32,1
ab0a8d7a0f873318a38d18195c7351ba,1
723ebcc5b665f7eac8147493b6d93fd0,1
8b1102d7179b95604078268330272210,1
c47596d3ef17baf443f4fe1be42a15cc,1
d6786faffaab740b55e418a4d84f7030,1
2fe7bbc0ca9dc6cebb45655d121d993f,1
89788eaa450c529c7476577554a96c20,1
d1d345c1a480e48bbc8754bf59c07066,1
3f96a21657b79cc918bf976a0575d030,1
bb181a02dba155ae9d4b2dd012f29347,1
3bb1b3ebaae368f1fadd57a06c0b342c,1
08961aa17b48d16d2da28aa96985290c,1
6bf0527c65ec4f9f3ba6b60890c22c3c,1
203e3b2992a89e60a64c776480b8a22d,1
5443a7ef4cd1b5d7bbffa4ac843db853,1
e1e0ce9fce057e1cb49ee8ca97393100,1
c377045485ee402d269290a56da097a1,1
5a6f4c2d5052107aa45e3411be21f8bf,1
acd012f46e532889882c9b8e09c6ea13,1
ea009f754c0b792887776ad0321ffbef,1
e2c87ee3081d32801479dfd16ef03f2f,1
a0d45e74eed54701929307a9503165c6,1
c3160287dc06b03d8b19a8dffb97285f,1
2d0de573b93855d475cef5b264ce88bb,1
219c5e7351356175f26c61fa635b918b,1
3580035d533d9db65b8cfc1d11939784,1
66613688a0912b52502982cd3be6fbf3,1
0abfcc5f943a57882d928b3eb213efb0,1
52b913f4c47e5fd7c3a40f702cce782e,1
e0a04061dfd85154f138d9196aec82c4,1
6a06dabd798cc54eebf5b1bb3adffa27,1
b0292d6b06b084322b6e668ad52948f5,1
c3fd06fe1649864a71a44a277c9b81cf,1
d625e8b6e29a3eaa62b4bef25de6258c,1
fc1820945ce8064b86ad4c80038da370,1
b80f0151b9eef89e18f92bb0a2034421,1
bd5a88cbc487a81437f8b387a8046170,1
bdc3f5b5fad0342ca0329b8f183d8975,1
772d64eb316269c6a819fd5de42e0cd9,1
549b78f95f755aa0d74397c87e6af167,1
b202cee0323d25b184f8150eadf65295,1
31fc19d971353344e2293141bce168b3,1
daf9ccb9cf04bf2cdb42f34285404124,1
87b06dd521a0c59aac7fdb51c37bbbca,1
efabff3f038208aad6aee3310f44d92e,1
92663c756e3f141f31c4276fe0fbd5b4,1
2ce2c2b019127adc6bfc144191885bb2,1
89e7f04fe77670c5c17d0ea216a23bc6,1
6ce6de6db3bbc3ee5470d4f6fd2c2ecf,1
250651716621b39cef670d267b26cf36,1
47d67aa3acd3baa07d068e94f93ca854,1
7a83ed8d7d6c060762eaff616c11ec17,1
905b1012abade04ecf0b93869882b47a,1
ad9fce8cdfc80a82de255a49fadc1c54,1
0347b17d820040a471b18a765a2cdad0,1
149cbaeba7b4ebc3fa341594c0894bb4,1
f3ac1b8407555a974a66909f74be8478,1
a28f88345f5ce25ce3fa97041e994547,1
115536188fe4d07c69d015450548fa97,1
dca64b8afcd67e966ffd759c76f74e65,1
7e1460e00af2482cc6ca5a0012f7e32d,1
48a1922ba1e47565bbff702e04acd50d,1
a6ecf8e2d6da7ac1158bcea4e938aa9c,1
109f67c2854613f0457747ecf5be6b73,1
18fb29bae0b2c0435b387b790e9350d9,1
89916c746c7df41c2314db6cce7eba8e,1
d2b35a5bd932efd40c3f21530193d8e8,1
c24ab0b515bccb937b816d760e8dbf3b,1
2117edb8d115d3139ec56b228c3f1414,1
203c930ee900d10a69bd6345996cfc6f,1
9515c6b0dd2a98600d73b15bd12c4501,1
4951c28b914fe2a1ad7c95a518d7ac00,1
2699ec9397a03adaa05d84ba9e88eee7,1
4c63719b9b56b2c89fd35e98bf994e6f,1
c188c7403534df09a78d614841168da3,1
29c50f28d8713f73b6e7498fa097e5ee,1
71138baebd7313be0529bc82773e5610,1
f631068273b6bd4afa4139fc2be14d3b,1
383b32245879f414459155fb8043fda9,1
1230abbc54d7fd439cb28bc6fa3369fa,1
ac7554edcdd16d45301254404dd97882,1
10af8f1f2ce46f7b09fe35364dc43a92,1
b95031131d274d6bb633ed5a794c37bb,1
bf19eec6e5e4769fe03ddeb8d286cdf4,1
9308138f5aa6d2c9824085f9e6b1ff28,1
a6a1b0a924ee89a8a80fd39e5278a581,1
f875714a1fddff196bb361ea89af777f,1
5fe737e034707cf1ddc705045a8c0493,1
b3fa9c628e3fbd209890981bf48a988e,1
7ff7aadfeef2760fa312e6737272585b,1
415f821fe8c96e2ed4347c1e73af2a6b,1
7b4b0472bcbc58201133cabe6dd5c945,1
5c00cfcb989186e6badade2bf335dd2b,1
f7f95a458cf95327e1bd9589092eb749,1
285711b6a0305788c51da96f13a5134c,1
2b41a44657f110ce1dfb31401f828581,1
58dab9dfe9f767d1ebf860b9043aa8a8,1
00b998c504afcda0ac27cea0a7a1c615,1
022bc971be40327831f5188ebaa72d88,1
b3cd85ba8fda14fb5d348280486460c8,1
b582f5288fee06b761fe8fe1b82cba0e,1
04606e125045e7088cbaa5428f5d333e,1
4d987cdfb22586721083f5d4b93d16e3,1
5f248c21f3e4be69fe301a303dcc766c,1
6371534fa4ac66529f156ba5c067ce28,1
6d70619dd3b4d27e4b8d9eb155a0754b,1
63de6586044af4e332fb137d489c2520,1
3495d04c9d9b36d2df1cbbaa1927e8de,1
067d885355bcf411cfd23c0b99752c96,1
c4a18c139814f4915b94589599155731,1
3a9f64015f32d9882bd95988597dad04,1
511a936e8c7190b93bb04846aa8df391,1
8876398225b969ce7b1e1d1b114bda76,1
1ddf8ed39ba51f9a33d88f97298898b9,1
f38abdfe12d01c27a815d996ff8fe96e,1
ae23dda4785fbed240dec83dc007f8bc,1
c65fd2ff4efc345e11bc59da9ee941bb,1
5e7a87e6b53e4daffa93b1020e37cec3,1
fb6dee14470b8fc563cef4d8e40c90c5,1
32a31b3afc3febf726cb8dfbc15757c3,1
96b9a15ae3dbd69945802f2048959687,1
1d91c2af75cc3449dd0599f0787943f2,1
d96acf883051d1d3fe198e3f9673aaa0,1
cc34784072dda84818a02b22b52fea47,1
56a9824417ab0e5119edf3a0da8e5ff5,1
5c2da4480f0a3cba6bdeaa5d1f33f7f2,1
8f38ae71e7fff3de62ea994683f5a8a1,1
749310a5f4bd33d9ecf92812943a22a4,1
b7d8582b3306ae9f5578a106d25b9116,1
babe553162ae3e634af69b62609b39eb,1
92456c269f418ddb213b970657d6c35d,1
073ed5836cde352f1d5bc7b941734a1a,1
da030aca8d00d1c33082a11e4ab822d8,1
3e54f4aafcfa5657f338888f39064808,1
2ed2d219ee68e43b5a9db06a24eef585,1
6762069e1baf5d6039e91dd44bc603aa,1
ef0e44d8b07192d30882fee91057cc9e,1
28a9b698f6b838cabfda08dfcc0c7eed,1
32aadb365220eae971c9785fe877fec7,1
d70418b3f0ef514255f7c55a9cafff3c,1
0b628b5590ec404a8d9698c9896f425d,1
d0de39f8d48947d3eb626fb983c38ab6,1
4f85fd185d3b40ba5d8ffd5341342ff5,1
00752cbcd9a0a17ec7f8d228c29109c6,1
45e78f3441d6f68121df0770ca8532e7,1
117e0443bef76f0a794d865320735896,1
7c9826fb3dd23d7b54bc7f2216f0cbc5,1
2d1fc5ac1fcb682251657a185310080a,1
49a997471a1ac470ec1abc1caa0f172e,1
8339dec78ebf5b3f02601f0cb03049f8,1
419da11f7b4f19278b3c14f75c2a50e1,1
f7421e763cd479f5b871637c23c4c7aa,1
165ce068a391901ebd94b06421c215ff,1
c103f1e33035cadb4f2dc85b6e79ead6,1
2fd563994b911ce1077a2bb9e04623f8,1
c7d4ed68accb1ea67f51ff1b0e704db8,1
5a292fee24888088f74d01ac8fcc3264,1
54bb84f36b9925f1b04b3fb44c1a9dc2,1
ffacb6eb9dfdb22cc4a83099f2e68f7a,1
f9180d63725b8e01ff64b6954d7ee5ed,1
cba7762e3805c26dac64b3da9a1162af,1
873b282f0c2c4b3e7551f4f5c4b4e8b6,1
7f7c9a4b3f6047ac65652d04c1c37130,1
609c523bdea4c87b795e6fbcde94715a,1
a8624e60089881ee493949e271034e87,1
7ea6d83dfb0f0215ab3dfa710a217c14,1
c5ff58153907f79441729d13c475effd,1
7b37d533589dd12d6cd9e6eff27c33b0,1
faacc9f1fb62c07ebb38a66f1aa771a4,1
0788a16507db31ce92e6ab7d2c95ec77,1
c0fd2ac7b67c60d616088a457d1ac155,1
05bc6a11890707db47df09649f09d907,1
ad0725383451c87747feb7a5e874019f,1
3d480b62d2eaac23e3d3721086283bfa,1
70b34b479e66935eb44667a1f7b32178,1
7987bf604471dd8d2c7e2c2f3761ff97,1
06e3dbbb1dfe368d8684e5297efc06ce,1
845b2845074b8194473de4efa39e9a8d,1
99ff3d15114a7c3be48c982e1d5efde5,1
4c01d7380ec504aafc6567eca69daa86,1
3f9a2d56e0ede7467de11d2402d35c9f,1
5cb4dab7d1d5ee4e51b937a008a5c623,1
2e0fcfcb81c7198c687a447797d4090b,1
6a8d6d9ba7fd2610273b3ee595153550,1
9055139d885e27265a97359d6378fbd2,1
b1415893e9d9c23d5cff472bf7b56a00,1
672c4d15c2459bc821cfa084597590c1,1
5111d771ede10275c037e04cd6105d35,1
90896783588725358eff063af04f84e9,1
7b2a674b6b729fbbffb51bbca939f9a5,1
b6a487aa6f802dbebd6300e73d809edc,1
b4c3093e0ab4f2efc0b7abcda2d5bd3b,1
b92b85eec1835da4077356ea9fa0fa97,1
97f1b0a35e0b9e9f9657c9c35d78199f,1
312d49d0261637541963ac08253732a7,1
eba0d63b7fca848dc8d0ebb8de62d448,1
da5c2ddfd2faa25dc11c69b4bcdf3eee,1
a14f3ce6395596bd4e67f9ac583610bb,1
2b87dfbfc37ac2f221671c87bb77206a,1
1d32f7ed489e292033921901f35fbf21,1
ad6937f051ed002e6c2af506ec4e2eb5,1
de4b158e254c723ee65950369a582ba2,1
e069b79d3e589bb0c109eb6d34476582,1
aced43d0ae03690fdc80f1e3da17a02b,1
1dd1b37898b1cddde86bf0b69b967bf0,1
a343a31ffa040bd91c9754c8ef2670ed,1
fc888bac76f1441a14de0388bb2e162e,1
669cbb86fecc38f713bdc924620770c1,1
72f27f5155367aacee8687b23b7d457e,1
9da733a516f4ad256b78db75c61f3e90,1
fa6157645256fbbeb9d202c2dcdfbebd,1
df08ff3505279df1b0edb37133d63d35,1
e462cc397a848fa99247fcf1f5a26b74,1
60581a799bbe7d2a0ab965fb1531fe02,1
a1b54d352f061b37b7cf4185e19b75b4,1
ba02eca7bcb53317687212f8a6fe1249,1
b0a3d662ed7742fd2c301f358b76bd2f,1
fe5af9c5dcf3418f79153a8cabaa73e3,1
f4aeec3b31ed866f7197eba1c6284084,1
e4fe199ff691e50d05fb276dcf8cbbaa,1
08196bc569a88386a7d8e871e11fe4f6,1
b39758d08e2bbe9ed2d3b0f139f329ea,1
e6e64f7fce898cb99e9eb41e3a30c96f,1
74874d4751637b6d26ef00bee076c3a9,1
34de14d676b46afcdd85a8abcd5d206c,1
f1398187824b00232ed9e0eebeac7d39,1
acd2b0a3788c2da9d82251e604c5f138,1
3eea15a6d7527090df0eda498505da15,1
8b0ffcbbb2a49d91168db1bafe14c05d,1
944314e9ab0f8586f7e179bb8a7edb3e,1
dabeb8dd234074e37a9069a6cbc83681,1
9136438d783655e46e74f729f92319aa,1
627295e6c33bc46afbdf6df002aad8fd,1
51c66dc1b7b23412b4f5049c6e3d6a3e,1
5f10171bd6e56335be4674e6eb03f026,1
48bc63da029a7340473af36e9bec3272,1
85838ef05e0e49ffbc5098267681746c,1
ab269be6247032d6e009ff8064f48dd4,1
92e0580aff932601607b7032a8c43945,1
87ead2d49df961483345d05dc3c87851,1
415ecf04467254c536d260f9bb5587f7,1
0350ab3b89d5137e0fb3f248815f58fb,1
b439eaed3a238f42012fc2b4fcf0d7c5,1
1f70585ba66845e07de0c53d4dd12dd7,1
b31634b79418ea59c29c3077327e8d5b,1
facdd7de9c2619dceecb0d46c9a364bf,1
a3a431850c83027512e11a08043bb4e7,1
0c58b84d165b84c2ca7a93d0c2d59358,1
6edf4337bb3a4ee4b96ec5064a97ca1f,1
559471878c888897506c680bdfd0da02,1
0ec0f9bdedf1ad46d2282e3d16ad3203,1
517c1b5c1b69ba4a0dc1562c745faef5,1
2ece89db0a0b630769b08a0b1df1e16a,1
9729d8710918e57b29aaa50f58dacdd2,1
9bfc0c30dd076ae292901b4fbd5742d8,1
660fe461ea88ebebc8eb932d522b424c,1
79a7664ca70065c465d1ecf0ac37e856,1
c556a0a2dfc1008328748c49b6c9185a,1
3db9eb02861ddaa9f3d13d057d845934,1
dd82ff279a35b7e78bd89e2b7a8fbc9f,1
caa0e696746ce86409c0724a9b4dd18d,1
c9487dc34c21e8eaad9a6dda75acc4e4,1
1b6fa41a639c6aeda0719980f7a17ca0,1
9b4a822cc24c0fbbf300de8040f78f12,1
39e49383452bb60632a11420fe925700,1
e77ae72688b62d764897805331caf8c2,1
25a38c74354431a5028eef085659dcdb,1
22d391ea3dce99881150686447593886,1
c71ee34fb4a6b612a18f63f9be924ac5,1
0c2b0e3fffd387f5969d920f9d6876c9,1
567aa120082a4e6b2cddef696fccf335,1
0833b4eaae5e68bcdf3a401505930bfc,1
31b9391ab9cc5548e682c907046d07f8,1
930ba1d212c7ab71cf735ac6eb3139d1,1
e0e741a5c68efdf879f10015b0d3c69d,1
e25956ffcd3b0b18d1e1ccf16d9b2248,1
a3458d62601c82b1fa987ed08daaf9f0,1
5f56cf448409cd5668ba22185aec6348,1
9a8d5fdf61aaeac97c33f4ca42d109ce,1
a31b8010f26a30f7bdeb330b1b285acc,1
ddc225dd8353290a2b9554419840cdb4,1
c899a6380e76853d9f4f49ed98e209e3,1
12b7825d79f8fcb3f9404cc45f8e4cb8,1
8df8cad634fe0341eef1ff95780f244a,1
0c2b4a8fe7bd1a81d02f32f90b52de91,1
6913f0dd268d345e89e50d827d551f80,1
fd4e09060747cbbfac624da22f2ec360,1
e88ef54d3942a53b65a700b479d8eb8c,1
39fb0ba51e741c48f84f288fa86eaea2,1
fe0cfe8b9223fa71060f0fd3a1a1689f,1
ccabfef1cc425fa22be836503e405e8e,1
33eaaacbe89dba01d64a96e9b1a2f1b5,1
57e803c7fe14c480bece1afd828397e8,1
bf12d31b243a31628a717c197a99c88f,1
c757ecedbccff72331825838fdeed75b,1
931907adbdae03d11020c42ded12d9ef,1
9b3bb0cd7bb7edad95fff04d4a7540d9,1
8418f7611d643f1af884621408130081,1
58b81b8e932e9bf4e7483b3a31c7b710,1
35c464ce1896665521cd363c01107e4f,1
5b8ea804f821a2f85a2a7ff00fb12af5,1
8395a004a4808810a515cb1d513d117b,1
fd95e3fa23d4d73f2b6c591cf5c6b771,1
7fdb494d9b5165e16f79daedbfe2ed79,1
3285b10e2405479970980e75282c26b5,1
4ee552bbaaf37971d90c0d6e5f77c2be,1
f4ac5c4d09967893f8b262fd19c1a55c,1
cb09ab31bd944cbed8e0fc8fd94a2911,1
b069abe322209be7898cb7a3542b69c7,1
c1740bace9f979a86e7b7aa97a7a794b,1
fc974b35da4ac6b7d2714cd72a10fdd1,1
1dbd0678aee02d89c64aca147b6c1368,1
bd142805a1432f1aed78d64e3cf7c89b,1
d4abac95a78a7a93aca857e970ca067d,1
bcbc11264f210127698641ba9c8560aa,1
ab15e2352041b94f1fbeb933f42f9aa4,1
9362446701e31d188a33340749c97ec5,1
e5c6961101614a1b8fb70fa230d70321,1
67784293707c61f8c94cc079f135289c,1
43034275388130d4263de9b81e1a7f4d,1
ab0b05de1c70dd36c094b1c2290e4afe,1
6eb9303d0ebe0356c43e915f1e4c8e94,1
11e02a60e7844946147033376d58ccbe,1
b9d2065bc92fd8f659c340c6e847d5fa,1
17585e2babaa735f2eb6c51641b13b03,1
d8fa4e4a5a4c8d6e9b1b84b8b4bf7a2a,1
1256a1dd0e5aefcf9148d5e59a981daa,1
e82a017d7f57aefbea9b9787c5ac6d71,1
04fa80fc7b90caae1531c7fbe5a0ddc5,1
d52153db6be1f3cf948d3bf4a983e2f3,1
6fa8795e5654c1fa2d29bdd1e3987cf0,1
be288b94372e263df3d1f788f16356ae,1
f7862e15f2f8f00880f8ada9c440f097,1
29d53fe2a37f26c1033538c4a31c5687,1
4f5ed548bcf1048ccf4c13e0bfc9f961,1
1f1835260e11653a03c6d5a57ee90a14,1
a6da20c0e845e19698f2ec0f7c04a64f,1
d44de94f054c42f8f4f5b5669aed5b8e,1
70144d803891f6a091f95c447e801388,1
4f7f15618e3e9e30d0a3df82d67d9cd4,1
b0bbf76c8c90ca1278bfd44897c29f2c,1
6ca5ae891e6dd3bf3dbe446a2972518c,1
4d2014bfe5bd6228fc3d58f29c4564d6,1
0e475685e01d22405b21742d4fa37ae3,1
e9c273ff9a96add24571cfca334ba9ad,1
053e8043e9a88e8dfe67a917ffe3e934,1
bd68ed215a1e5f2c567f8d407b369aa7,1
