line,bus,bus_y,start_time,start,end_time,end,duration,status
37,21022107,1,2022-06-01 06:15:00,375,2022-06-01 06:21:00,381,375,o
37,21022107,1,2022-06-01 06:21:00,381,2022-06-01 07:18:00,438,3403,other
37,21022107,1,2022-06-01 07:18:00,438,2022-06-01 07:27:00,447,582,d
37,21022107,1,2022-06-01 07:27:00,447,2022-06-01 08:37:00,517,4164,other
37,21022107,1,2022-06-01 08:37:00,517,2022-06-01 08:58:00,538,1274,o
37,21022107,1,2022-06-01 08:58:00,538,2022-06-01 10:11:00,611,4364,other
37,21022107,1,2022-06-01 10:11:00,611,2022-06-01 10:22:00,622,651,d
37,21022107,1,2022-06-01 10:22:00,622,2022-06-01 11:30:00,690,4127,other
37,21022107,1,2022-06-01 11:30:00,690,2022-06-01 12:32:00,752,3681,o
37,21022107,1,2022-06-01 12:32:00,752,2022-06-01 13:32:00,812,3627,other
37,21022107,1,2022-06-01 13:32:00,812,2022-06-01 13:38:00,818,370,d
37,21022107,1,2022-06-01 13:38:00,818,2022-06-01 14:35:00,875,3380,other
37,21022107,1,2022-06-01 14:35:00,875,2022-06-01 16:38:00,998,7382,o
37,21022107,1,2022-06-01 16:38:00,998,2022-06-01 17:42:00,1062,3876,other
37,21022107,1,2022-06-01 17:42:00,1062,2022-06-01 17:51:00,1071,545,d
37,21022107,1,2022-06-01 17:51:00,1071,2022-06-01 19:08:14,1148,4634,other
37,21022211,2,2022-06-01 06:49:00,409,2022-06-01 07:06:00,426,1015,o
37,21022211,2,2022-06-01 07:06:00,426,2022-06-01 08:06:00,486,3581,other
37,21022211,2,2022-06-01 08:06:00,486,2022-06-01 08:16:00,496,630,d
37,21022211,2,2022-06-01 08:16:00,496,2022-06-01 09:21:00,561,3888,other
37,21022211,2,2022-06-01 09:21:00,561,2022-06-01 10:01:00,601,2430,o
37,21022211,2,2022-06-01 10:01:00,601,2022-06-01 11:01:00,661,3572,other
37,21022211,2,2022-06-01 11:01:00,661,2022-06-01 11:07:00,667,352,d
37,21022211,2,2022-06-01 11:07:00,667,2022-06-01 12:08:00,728,3676,other
37,21022211,2,2022-06-01 12:08:00,728,2022-06-01 15:02:00,902,10432,o
37,21022211,2,2022-06-01 15:02:00,902,2022-06-01 16:07:00,967,3915,other
37,21022211,2,2022-06-01 16:07:00,967,2022-06-01 16:12:00,972,271,d
37,21022211,2,2022-06-01 16:12:00,972,2022-06-01 17:16:56,1036,3896,other
37,21022317,3,2022-06-01 06:26:00,386,2022-06-01 06:47:00,407,1236,d
37,21022317,3,2022-06-01 06:47:00,407,2022-06-01 07:49:00,469,3732,other
37,21022317,3,2022-06-01 07:49:00,469,2022-06-01 08:18:00,498,1714,o
37,21022317,3,2022-06-01 08:18:00,498,2022-06-01 09:28:00,568,4233,other
37,21022317,3,2022-06-01 09:28:00,568,2022-06-01 09:37:00,577,544,d
37,21022317,3,2022-06-01 09:37:00,577,2022-06-01 10:43:00,643,3943,other
37,21022317,3,2022-06-01 10:43:00,643,2022-06-01 13:02:00,782,8341,o
37,21022317,3,2022-06-01 13:02:00,782,2022-06-01 14:07:00,847,3910,other
37,21022317,3,2022-06-01 14:07:00,847,2022-06-01 14:15:00,855,440,d
37,21022317,3,2022-06-01 14:15:00,855,2022-06-01 15:15:00,915,3617,other
37,21022317,3,2022-06-01 15:15:00,915,2022-06-01 17:12:00,1032,7050,o
37,21022317,3,2022-06-01 17:12:00,1032,2022-06-01 18:30:00,1110,4633,other
37,21022317,3,2022-06-01 18:30:00,1110,2022-06-01 18:33:50,1113,230,d
37,21022361,4,2022-06-01 06:41:00,401,2022-06-01 07:18:00,438,2191,o
37,21022361,4,2022-06-01 07:18:00,438,2022-06-01 08:24:00,504,3968,other
37,21022361,4,2022-06-01 08:24:00,504,2022-06-01 08:31:00,511,421,d
37,21022361,4,2022-06-01 08:31:00,511,2022-06-01 09:44:00,584,4379,other
37,21022361,4,2022-06-01 09:44:00,584,2022-06-01 11:22:00,682,5874,o
37,21022361,4,2022-06-01 11:22:00,682,2022-06-01 12:26:00,746,3855,other
37,21022361,4,2022-06-01 12:26:00,746,2022-06-01 12:31:00,751,271,d
37,21022361,4,2022-06-01 12:31:00,751,2022-06-01 13:33:00,813,3762,other
37,21022361,4,2022-06-01 13:33:00,813,2022-06-01 14:52:00,892,4714,o
37,21022361,4,2022-06-01 14:52:00,892,2022-06-01 15:55:00,955,3783,other
37,21022361,4,2022-06-01 15:55:00,955,2022-06-01 16:03:00,963,502,d
37,21022361,4,2022-06-01 16:03:00,963,2022-06-01 17:09:00,1029,3932,other
37,21022361,4,2022-06-01 17:09:00,1029,2022-06-01 18:22:00,1102,4377,o
37,21022361,4,2022-06-01 18:22:00,1102,2022-06-01 19:29:00,1169,4009,other
37,21022361,4,2022-06-01 19:29:00,1169,2022-06-01 19:35:00,1175,411,d
37,21022361,4,2022-06-01 19:35:00,1175,2022-06-01 20:39:24,1239,3864,other
37,21022399,5,2022-06-01 06:41:00,401,2022-06-01 07:19:00,439,2246,d
37,21022399,5,2022-06-01 07:19:00,439,2022-06-01 08:25:00,505,3984,other
37,21022399,5,2022-06-01 08:25:00,505,2022-06-01 09:02:00,542,2226,o
37,21022399,5,2022-06-01 09:02:00,542,2022-06-01 10:13:00,613,4284,other
37,21022399,5,2022-06-01 10:13:00,613,2022-06-01 10:20:42,620,462,d
37,21022486,6,2022-06-01 07:09:00,429,2022-06-01 07:46:00,466,2211,o
37,21022486,6,2022-06-01 07:46:00,466,2022-06-01 08:58:00,538,4303,other
37,21022486,6,2022-06-01 08:58:00,538,2022-06-01 09:05:00,545,411,d
37,21022486,6,2022-06-01 09:05:00,545,2022-06-01 10:13:00,613,4131,other
37,21022486,6,2022-06-01 10:13:00,613,2022-06-01 16:06:00,966,21180,o
37,21022486,6,2022-06-01 16:06:00,966,2022-06-01 17:11:00,1031,3893,other
37,21022486,6,2022-06-01 17:11:00,1031,2022-06-01 17:21:00,1041,573,d
37,21022486,6,2022-06-01 17:21:00,1041,2022-06-01 18:32:00,1112,4261,other
37,21022486,6,2022-06-01 18:32:00,1112,2022-06-01 19:47:00,1187,4516,o
37,21022486,6,2022-06-01 19:47:00,1187,2022-06-01 20:48:00,1248,3670,other
37,21022486,6,2022-06-01 20:48:00,1248,2022-06-01 20:54:00,1254,332,d
37,21022486,6,2022-06-01 20:54:00,1254,2022-06-01 21:57:31,1317,3811,other
37,21022489,7,2022-06-01 06:48:00,408,2022-06-01 07:11:00,431,1374,d
37,21022489,7,2022-06-01 07:11:00,431,2022-06-01 08:13:00,493,3722,other
37,21022489,7,2022-06-01 08:13:00,493,2022-06-01 08:34:00,514,1287,o
37,21022489,7,2022-06-01 08:34:00,514,2022-06-01 09:39:00,579,3894,other
37,21022489,7,2022-06-01 09:39:00,579,2022-06-01 09:47:00,587,481,d
37,21022489,7,2022-06-01 09:47:00,587,2022-06-01 10:51:00,651,3794,other
37,21022489,7,2022-06-01 10:51:00,651,2022-06-01 12:12:00,732,4893,o
37,21022489,7,2022-06-01 12:12:00,732,2022-06-01 13:12:00,792,3575,other
37,21022489,7,2022-06-01 13:12:00,792,2022-06-01 13:21:00,801,552,d
37,21022489,7,2022-06-01 13:21:00,801,2022-06-01 14:22:00,862,3644,other
37,21022489,7,2022-06-01 14:22:00,862,2022-06-01 17:50:00,1070,12512,o
37,21022489,7,2022-06-01 17:50:00,1070,2022-06-01 19:03:00,1143,4353,other
37,21022489,7,2022-06-01 19:03:00,1143,2022-06-01 19:04:20,1144,80,d
37,21022493,8,2022-06-01 16:06:00,966,2022-06-01 16:23:00,983,1047,o
37,21022493,8,2022-06-01 16:23:00,983,2022-06-01 17:21:00,1041,3435,other
37,21022493,8,2022-06-01 17:21:00,1041,2022-06-01 17:32:00,1052,711,d
37,21022493,8,2022-06-01 17:32:00,1052,2022-06-01 18:39:36,1119,4056,other
37,21022495,9,2022-06-01 06:55:00,415,2022-06-01 07:25:00,445,1797,o
37,21022495,9,2022-06-01 07:25:00,445,2022-06-01 08:39:00,519,4452,other
37,21022495,9,2022-06-01 08:39:00,519,2022-06-01 08:48:00,528,511,d
37,21022495,9,2022-06-01 08:48:00,528,2022-06-01 10:02:00,602,4472,other
37,21022495,9,2022-06-01 10:02:00,602,2022-06-01 15:49:00,949,20807,o
37,21022495,9,2022-06-01 15:49:00,949,2022-06-01 16:49:00,1009,3564,other
37,21022495,9,2022-06-01 16:49:00,1009,2022-06-01 16:57:00,1017,471,d
37,21022495,9,2022-06-01 16:57:00,1017,2022-06-01 18:06:00,1086,4190,other
37,21022495,9,2022-06-01 18:06:00,1086,2022-06-01 19:31:00,1171,5098,o
37,21022495,9,2022-06-01 19:31:00,1171,2022-06-01 20:34:00,1234,3743,other
37,21022495,9,2022-06-01 20:34:00,1234,2022-06-01 20:39:00,1239,323,d
37,21022495,9,2022-06-01 20:39:00,1239,2022-06-01 21:43:51,1303,3891,other
37,21022497,10,2022-06-01 06:41:00,401,2022-06-01 07:03:00,423,1287,d
37,21022497,10,2022-06-01 07:03:00,423,2022-06-01 08:01:00,481,3516,other
37,21022497,10,2022-06-01 08:01:00,481,2022-06-01 08:26:00,506,1456,o
37,21022497,10,2022-06-01 08:26:00,506,2022-06-01 09:34:00,574,4118,other
37,21022497,10,2022-06-01 09:34:00,574,2022-06-01 09:42:00,582,442,d
37,21022497,10,2022-06-01 09:42:00,582,2022-06-01 10:45:00,645,3823,other
37,21022497,10,2022-06-01 10:45:00,645,2022-06-01 12:02:00,722,4589,o
37,21022497,10,2022-06-01 12:02:00,722,2022-06-01 13:09:00,789,4027,other
37,21022497,10,2022-06-01 13:09:00,789,2022-06-01 13:17:00,797,511,d
37,21022497,10,2022-06-01 13:17:00,797,2022-06-01 14:21:00,861,3816,other
37,21022497,10,2022-06-01 14:21:00,861,2022-06-01 17:36:00,1056,11693,o
37,21022497,10,2022-06-01 17:36:00,1056,2022-06-01 19:17:13,1157,6073,other
37,21022503,11,2022-06-01 06:59:00,419,2022-06-01 07:14:00,434,882,o
37,21022503,11,2022-06-01 07:14:00,434,2022-06-01 08:20:00,500,3952,other
37,21022503,11,2022-06-01 08:20:00,500,2022-06-01 08:28:00,508,493,d
37,21022503,11,2022-06-01 08:28:00,508,2022-06-01 09:36:00,576,4074,other
37,21022503,11,2022-06-01 09:36:00,576,2022-06-01 11:05:00,665,5374,o
37,21022503,11,2022-06-01 11:05:00,665,2022-06-01 12:06:00,726,3654,other
37,21022503,11,2022-06-01 12:06:00,726,2022-06-01 12:18:00,738,672,d
37,21022503,11,2022-06-01 12:18:00,738,2022-06-01 13:20:00,800,3739,other
37,21022503,11,2022-06-01 13:20:00,800,2022-06-01 16:46:00,1006,12356,o
37,21022503,11,2022-06-01 16:46:00,1006,2022-06-01 17:51:00,1071,3922,other
37,21022503,11,2022-06-01 17:51:00,1071,2022-06-01 17:57:00,1077,370,d
37,21022503,11,2022-06-01 17:57:00,1077,2022-06-01 19:04:00,1144,4021,other
37,21022503,11,2022-06-01 19:04:00,1144,2022-06-01 20:31:00,1231,5225,o
37,21022503,11,2022-06-01 20:31:00,1231,2022-06-01 21:36:00,1296,3847,other
37,21022503,11,2022-06-01 21:36:00,1296,2022-06-01 21:41:00,1301,350,d
37,21022503,11,2022-06-01 21:41:00,1301,2022-06-01 22:39:23,1359,3503,other
37,21022504,12,2022-06-01 06:51:00,411,2022-06-01 10:34:00,634,13392,o
37,21022504,12,2022-06-01 10:34:00,634,2022-06-01 11:39:00,699,3884,other
37,21022504,12,2022-06-01 11:39:00,699,2022-06-01 11:48:00,708,542,d
37,21022504,12,2022-06-01 11:48:00,708,2022-06-01 12:58:44,778,4244,other
37,21022509,13,2022-06-01 07:32:00,452,2022-06-01 07:54:00,474,1296,o
37,21022509,13,2022-06-01 07:54:00,474,2022-06-01 09:09:00,549,4538,other
37,21022509,13,2022-06-01 09:09:00,549,2022-06-01 09:14:00,554,250,d
37,21022509,13,2022-06-01 09:14:00,554,2022-06-01 10:24:00,624,4221,other
37,21022509,13,2022-06-01 10:24:00,624,2022-06-01 10:36:00,636,722,o
37,21022509,13,2022-06-01 10:36:00,636,2022-06-01 11:52:00,712,4588,other
37,21022509,13,2022-06-01 11:52:00,712,2022-06-01 18:14:00,1094,22896,o
37,21022509,13,2022-06-01 18:14:00,1094,2022-06-01 19:21:00,1161,4011,other
37,21022509,13,2022-06-01 19:21:00,1161,2022-06-01 19:30:00,1170,532,d
37,21022509,13,2022-06-01 19:30:00,1170,2022-06-01 20:37:35,1237,4055,other
37,21022511,14,2022-06-01 06:11:00,371,2022-06-01 06:39:00,399,1655,d
37,21022511,14,2022-06-01 06:39:00,399,2022-06-01 07:37:00,457,3512,other
37,21022511,14,2022-06-01 07:37:00,457,2022-06-01 08:02:00,482,1494,o
37,21022511,14,2022-06-01 08:02:00,482,2022-06-01 09:20:00,560,4688,other
37,21022511,14,2022-06-01 09:20:00,560,2022-06-01 09:27:00,567,423,d
37,21022511,14,2022-06-01 09:27:00,567,2022-06-01 10:29:00,629,3727,other
37,21022511,14,2022-06-01 10:29:00,629,2022-06-01 11:42:00,702,4365,o
37,21022511,14,2022-06-01 11:42:00,702,2022-06-01 12:46:00,766,3834,other
37,21022511,14,2022-06-01 12:46:00,766,2022-06-01 12:54:00,774,474,d
37,21022511,14,2022-06-01 12:54:00,774,2022-06-01 13:57:00,837,3814,other
37,21022511,14,2022-06-01 13:57:00,837,2022-06-01 17:00:00,1020,10961,o
37,21022511,14,2022-06-01 17:00:00,1020,2022-06-01 18:11:00,1091,4239,other
37,21022511,14,2022-06-01 18:11:00,1091,2022-06-01 18:18:51,1098,471,d
37,21022596,15,2022-06-01 09:51:00,591,2022-06-01 10:10:00,610,1123,o
37,21022596,15,2022-06-01 10:10:00,610,2022-06-01 11:13:00,673,3764,other
37,21022596,15,2022-06-01 11:13:00,673,2022-06-01 11:18:00,678,320,d
37,21022596,15,2022-06-01 11:18:00,678,2022-06-01 12:24:00,744,3950,other
37,21022596,15,2022-06-01 12:24:00,744,2022-06-01 13:52:00,832,5257,o
37,21022596,15,2022-06-01 13:52:00,832,2022-06-01 14:58:00,898,3980,other
37,21022596,15,2022-06-01 14:58:00,898,2022-06-01 15:05:00,905,441,d
37,21022596,15,2022-06-01 15:05:00,905,2022-06-01 16:08:00,968,3760,other
37,21022596,15,2022-06-01 16:08:00,968,2022-06-01 16:54:00,1014,2771,o
37,21022596,15,2022-06-01 16:54:00,1014,2022-06-01 17:58:00,1078,3866,other
37,21022596,15,2022-06-01 17:58:00,1078,2022-06-01 18:09:00,1089,624,d
37,21022596,15,2022-06-01 18:09:00,1089,2022-06-01 19:17:25,1157,4105,other
37,21022599,16,2022-06-01 07:05:00,425,2022-06-01 10:26:00,626,12058,o
37,21022599,16,2022-06-01 10:26:00,626,2022-06-01 11:30:00,690,3828,other
37,21022599,16,2022-06-01 11:30:00,690,2022-06-01 11:39:00,699,561,d
37,21022599,16,2022-06-01 11:39:00,699,2022-06-01 12:45:00,765,3956,other
37,21022599,16,2022-06-01 12:45:00,765,2022-06-01 14:12:00,852,5208,o
37,21022599,16,2022-06-01 14:12:00,852,2022-06-01 15:17:00,917,3891,other
37,21022599,16,2022-06-01 15:17:00,917,2022-06-01 15:22:00,922,332,d
37,21022599,16,2022-06-01 15:22:00,922,2022-06-01 16:26:00,986,3855,other
37,21022599,16,2022-06-01 16:26:00,986,2022-06-01 18:06:00,1086,5976,o
37,21022599,16,2022-06-01 18:06:00,1086,2022-06-01 19:15:00,1155,4115,other
37,21022599,16,2022-06-01 19:15:00,1155,2022-06-01 19:23:00,1163,522,d
37,21022599,16,2022-06-01 19:23:00,1163,2022-06-01 20:21:06,1221,3486,other
37,21027406,17,2022-06-01 09:00:00,540,2022-06-01 09:15:00,555,874,o
37,21027406,17,2022-06-01 09:15:00,555,2022-06-01 10:18:00,618,3834,other
37,21027406,17,2022-06-01 10:18:00,618,2022-06-01 10:34:00,634,923,d
37,21027406,17,2022-06-01 10:34:00,634,2022-06-01 11:39:00,699,3890,other
37,21027406,17,2022-06-01 11:39:00,699,2022-06-01 12:52:00,772,4414,o
37,21027406,17,2022-06-01 12:52:00,772,2022-06-01 13:57:00,837,3884,other
37,21027406,17,2022-06-01 13:57:00,837,2022-06-01 14:08:00,848,673,d
37,21027406,17,2022-06-01 14:08:00,848,2022-06-01 15:09:04,909,3664,other
37,21027430,18,2022-06-01 07:58:00,478,2022-06-01 09:13:00,553,4503,other
37,21027430,18,2022-06-01 09:13:00,553,2022-06-01 09:18:00,558,270,d
37,21027430,18,2022-06-01 09:18:00,558,2022-06-01 10:27:00,627,4145,other
37,21027430,18,2022-06-01 10:27:00,627,2022-06-01 11:14:00,674,2834,o
37,21027430,18,2022-06-01 11:14:00,674,2022-06-01 12:18:00,738,3818,other
37,21027430,18,2022-06-01 12:18:00,738,2022-06-01 12:27:00,747,541,d
37,21027430,18,2022-06-01 12:27:00,747,2022-06-01 13:30:00,810,3827,other
37,21027430,18,2022-06-01 13:30:00,810,2022-06-01 16:30:00,990,10762,o
37,21027430,18,2022-06-01 16:30:00,990,2022-06-01 17:33:00,1053,3779,other
37,21027430,18,2022-06-01 17:33:00,1053,2022-06-01 17:43:00,1063,582,d
37,21027430,18,2022-06-01 17:43:00,1063,2022-06-01 19:00:00,1140,4675,other
37,21027430,18,2022-06-01 19:00:00,1140,2022-06-01 20:18:00,1218,4664,o
37,21027430,18,2022-06-01 20:18:00,1218,2022-06-01 21:25:00,1285,4015,other
37,21027430,18,2022-06-01 21:25:00,1285,2022-06-01 21:33:00,1293,471,d
37,21027430,18,2022-06-01 21:33:00,1293,2022-06-01 22:32:12,1352,3552,other
37,21027438,19,2022-06-01 07:34:00,454,2022-06-01 08:44:00,524,4191,other
37,21027438,19,2022-06-01 08:44:00,524,2022-06-01 08:54:00,534,613,d
37,21027438,19,2022-06-01 08:54:00,534,2022-06-01 10:08:00,608,4437,other
37,21027438,19,2022-06-01 10:08:00,608,2022-06-01 10:21:00,621,773,o
37,21027438,19,2022-06-01 10:21:00,621,2022-06-01 11:27:00,687,4002,other
37,21027438,19,2022-06-01 11:27:00,687,2022-06-01 11:33:00,693,322,d
37,21027438,19,2022-06-01 11:33:00,693,2022-06-01 12:37:00,757,3880,other
37,21027438,19,2022-06-01 12:37:00,757,2022-06-01 15:12:00,912,9277,o
37,21027438,19,2022-06-01 15:12:00,912,2022-06-01 16:13:00,973,3677,other
37,21027438,19,2022-06-01 16:13:00,973,2022-06-01 16:18:00,978,273,d
37,21027438,19,2022-06-01 16:18:00,978,2022-06-01 17:25:00,1045,4063,other
37,21027438,19,2022-06-01 17:25:00,1045,2022-06-01 18:47:00,1127,4890,o
37,21027438,19,2022-06-01 18:47:00,1127,2022-06-01 19:54:00,1194,4022,other
37,21027438,19,2022-06-01 19:54:00,1194,2022-06-01 19:59:00,1199,313,d
37,21027438,19,2022-06-01 19:59:00,1199,2022-06-01 21:06:18,1266,4038,other
37,21027525,20,2022-06-01 07:38:00,458,2022-06-01 08:46:00,526,4085,other
37,21027525,20,2022-06-01 08:46:00,526,2022-06-01 08:55:00,535,552,d
37,21027525,20,2022-06-01 08:55:00,535,2022-06-01 10:10:00,610,4499,other
37,21027525,20,2022-06-01 10:10:00,610,2022-06-01 13:42:00,822,12694,o
37,21027525,20,2022-06-01 13:42:00,822,2022-06-01 14:45:00,885,3779,other
37,21027525,20,2022-06-01 14:45:00,885,2022-06-01 14:54:00,894,540,d
37,21027525,20,2022-06-01 14:54:00,894,2022-06-01 15:57:00,957,3797,other
37,21027525,20,2022-06-01 15:57:00,957,2022-06-01 16:14:00,974,1001,o
37,21027525,20,2022-06-01 16:14:00,974,2022-06-01 17:14:00,1034,3608,other
37,21027525,20,2022-06-01 17:14:00,1034,2022-06-01 17:24:00,1044,593,d
37,21027525,20,2022-06-01 17:24:00,1044,2022-06-01 18:35:00,1115,4290,other
37,21027525,20,2022-06-01 18:35:00,1115,2022-06-01 20:02:00,1202,5188,o
37,21027525,20,2022-06-01 20:02:00,1202,2022-06-01 21:05:00,1265,3770,other
37,21027525,20,2022-06-01 21:05:00,1265,2022-06-01 21:09:00,1269,261,d
37,21027525,20,2022-06-01 21:09:00,1269,2022-06-01 22:13:10,1333,3850,other
37,21027532,21,2022-06-01 07:22:00,442,2022-06-01 08:38:00,518,4590,other
37,21027532,21,2022-06-01 08:38:00,518,2022-06-01 08:45:00,525,381,d
37,21027532,21,2022-06-01 08:45:00,525,2022-06-01 09:57:00,597,4347,other
37,21027532,21,2022-06-01 09:57:00,597,2022-06-01 11:00:00,660,3762,o
37,21027532,21,2022-06-01 11:00:00,660,2022-06-01 12:03:00,723,3814,other
37,21027532,21,2022-06-01 12:03:00,723,2022-06-01 12:12:00,732,511,d
37,21027532,21,2022-06-01 12:12:00,732,2022-06-01 13:15:00,795,3753,other
37,21027532,21,2022-06-01 13:15:00,795,2022-06-01 14:42:00,882,5230,o
37,21027532,21,2022-06-01 14:42:00,882,2022-06-01 15:45:00,945,3795,other
37,21027532,21,2022-06-01 15:45:00,945,2022-06-01 15:55:00,955,592,d
37,21027532,21,2022-06-01 15:55:00,955,2022-06-01 17:00:00,1020,3928,other
37,21027532,21,2022-06-01 17:00:00,1020,2022-06-01 18:32:00,1112,5490,o
37,21027532,21,2022-06-01 18:32:00,1112,2022-06-01 19:40:00,1180,4083,other
37,21027532,21,2022-06-01 19:40:00,1180,2022-06-01 19:45:00,1185,321,d
37,21027532,21,2022-06-01 19:45:00,1185,2022-06-01 20:50:32,1250,3932,other
37,21027537,22,2022-06-01 07:11:00,431,2022-06-01 08:13:00,493,3727,other
37,21027537,22,2022-06-01 08:13:00,493,2022-06-01 08:21:00,501,503,d
37,21027537,22,2022-06-01 08:21:00,501,2022-06-01 09:29:00,569,4061,other
37,21027537,22,2022-06-01 09:29:00,569,2022-06-01 10:43:00,643,4443,o
37,21027537,22,2022-06-01 10:43:00,643,2022-06-01 11:44:00,704,3683,other
37,21027537,22,2022-06-01 11:44:00,704,2022-06-01 11:53:00,713,555,d
37,21027537,22,2022-06-01 11:53:00,713,2022-06-01 13:01:00,781,4079,other
37,21027537,22,2022-06-01 13:01:00,781,2022-06-01 13:12:00,792,631,o
37,21027537,22,2022-06-01 13:12:00,792,2022-06-01 14:13:00,853,3667,other
37,21027537,22,2022-06-01 14:13:00,853,2022-06-01 14:19:00,859,372,d
37,21027537,22,2022-06-01 14:19:00,859,2022-06-01 15:23:00,923,3813,other
37,21027537,22,2022-06-01 15:23:00,923,2022-06-01 17:18:00,1038,6885,o
37,21027537,22,2022-06-01 17:18:00,1038,2022-06-01 18:33:00,1113,4501,other
37,21027537,22,2022-06-01 18:33:00,1113,2022-06-01 18:39:00,1119,391,d
37,21027537,22,2022-06-01 18:39:00,1119,2022-06-01 19:38:18,1178,3558,other
37,21027544,23,2022-06-01 06:52:00,412,2022-06-01 07:54:00,474,3763,other
37,21027544,23,2022-06-01 07:54:00,474,2022-06-01 08:00:00,480,361,d
37,21027544,23,2022-06-01 08:00:00,480,2022-06-01 09:13:00,553,4336,other
37,21027544,23,2022-06-01 09:13:00,553,2022-06-01 09:46:00,586,1987,o
37,21027544,23,2022-06-01 09:46:00,586,2022-06-01 10:56:00,656,4184,other
37,21027544,23,2022-06-01 10:56:00,656,2022-06-01 11:00:00,660,260,d
37,21027544,23,2022-06-01 11:00:00,660,2022-06-01 12:05:00,725,3934,other
37,21027544,23,2022-06-01 12:05:00,725,2022-06-01 14:22:00,862,8183,o
37,21027544,23,2022-06-01 14:22:00,862,2022-06-01 15:26:00,926,3858,other
37,21027544,23,2022-06-01 15:26:00,926,2022-06-01 15:39:00,939,763,d
37,21027544,23,2022-06-01 15:39:00,939,2022-06-01 16:44:00,1004,3900,other
37,21027544,23,2022-06-01 16:44:00,1004,2022-06-01 17:58:00,1078,4447,o
37,21027544,23,2022-06-01 17:58:00,1078,2022-06-01 19:09:00,1149,4255,other
37,21027544,23,2022-06-01 19:09:00,1149,2022-06-01 19:14:00,1154,331,d
37,21027544,23,2022-06-01 19:14:00,1154,2022-06-01 20:16:00,1216,3718,other
37,21027544,23,2022-06-01 20:16:00,1216,2022-06-01 21:48:00,1308,5506,o
37,21027544,23,2022-06-01 21:48:00,1308,2022-06-01 22:42:00,1362,3211,other
37,21027544,23,2022-06-01 22:42:00,1362,2022-06-01 22:51:00,1371,552,d
37,21027544,23,2022-06-01 22:51:00,1371,2022-06-01 23:41:41,1421,3041,other
37,21027551,24,2022-06-01 06:57:00,417,2022-06-01 08:01:00,481,3861,other
37,21027551,24,2022-06-01 08:01:00,481,2022-06-01 08:07:00,487,321,d
37,21027551,24,2022-06-01 08:07:00,487,2022-06-01 09:17:00,557,4213,other
37,21027551,24,2022-06-01 09:17:00,557,2022-06-01 11:32:00,692,8118,o
37,21027551,24,2022-06-01 11:32:00,692,2022-06-01 12:30:00,750,3448,other
37,21027551,24,2022-06-01 12:30:00,750,2022-06-01 12:37:00,757,423,d
37,21027551,24,2022-06-01 12:37:00,757,2022-06-01 13:39:00,819,3733,other
37,21027551,24,2022-06-01 13:39:00,819,2022-06-01 14:02:00,842,1362,o
37,21027551,24,2022-06-01 14:02:00,842,2022-06-01 14:58:00,898,3389,other
37,21027551,24,2022-06-01 14:58:00,898,2022-06-01 15:10:00,910,695,d
37,21027551,24,2022-06-01 15:10:00,910,2022-06-01 16:08:00,968,3506,other
37,21027551,24,2022-06-01 16:08:00,968,2022-06-01 17:30:00,1050,4910,o
37,21027551,24,2022-06-01 17:30:00,1050,2022-06-01 18:43:00,1123,4384,other
37,21027551,24,2022-06-01 18:43:00,1123,2022-06-01 18:51:00,1131,461,d
37,21027551,24,2022-06-01 18:51:00,1131,2022-06-01 19:49:00,1189,3511,other
37,21027551,24,2022-06-01 19:49:00,1189,2022-06-01 21:17:00,1277,5262,o
37,21027551,24,2022-06-01 21:17:00,1277,2022-06-01 22:13:00,1333,3361,other
37,21027551,24,2022-06-01 22:13:00,1333,2022-06-01 22:21:00,1341,492,d
37,21027551,24,2022-06-01 22:21:00,1341,2022-06-01 23:11:40,1391,3040,other
37,21027552,25,2022-06-01 06:32:00,392,2022-06-01 07:26:00,446,3261,other
37,21027552,25,2022-06-01 07:26:00,446,2022-06-01 07:32:00,452,362,d
37,21027552,25,2022-06-01 07:32:00,452,2022-06-01 08:41:00,521,4120,other
37,21027552,25,2022-06-01 08:41:00,521,2022-06-01 09:06:00,546,1507,o
37,21027552,25,2022-06-01 09:06:00,546,2022-06-01 10:16:00,616,4221,other
37,21027552,25,2022-06-01 10:16:00,616,2022-06-01 10:29:00,629,741,d
37,21027552,25,2022-06-01 10:29:00,629,2022-06-01 11:34:00,694,3894,other
37,21027552,25,2022-06-01 11:34:00,694,2022-06-01 14:32:00,872,10713,o
37,21027552,25,2022-06-01 14:32:00,872,2022-06-01 15:36:00,936,3839,other
37,21027552,25,2022-06-01 15:36:00,936,2022-06-01 15:48:00,948,691,d
37,21027552,25,2022-06-01 15:48:00,948,2022-06-01 16:56:00,1016,4095,other
37,21027552,25,2022-06-01 16:56:00,1016,2022-06-01 17:42:00,1062,2767,o
37,21027552,25,2022-06-01 17:42:00,1062,2022-06-01 19:03:00,1143,4837,other
37,21027552,25,2022-06-01 19:03:00,1143,2022-06-01 19:08:00,1148,341,d
37,21027552,25,2022-06-01 19:08:00,1148,2022-06-01 20:13:00,1213,3898,other
37,21027552,25,2022-06-01 20:13:00,1213,2022-06-01 21:33:00,1293,4799,o
37,21027552,25,2022-06-01 21:33:00,1293,2022-06-01 22:30:00,1350,3393,other
37,21027552,25,2022-06-01 22:30:00,1350,2022-06-01 22:36:00,1356,343,d
37,21027552,25,2022-06-01 22:36:00,1356,2022-06-01 23:28:36,1408,3156,other
37,21027573,26,2022-06-01 07:30:00,450,2022-06-01 08:40:00,520,4199,other
37,21027573,26,2022-06-01 08:40:00,520,2022-06-01 08:51:00,531,651,d
37,21027573,26,2022-06-01 08:51:00,531,2022-06-01 10:03:00,603,4318,other
37,21027573,26,2022-06-01 10:03:00,603,2022-06-01 13:32:00,812,12571,o
37,21027573,26,2022-06-01 13:32:00,812,2022-06-01 14:29:00,869,3400,other
37,21027573,26,2022-06-01 14:29:00,869,2022-06-01 14:40:00,880,662,d
37,21027573,26,2022-06-01 14:40:00,880,2022-06-01 15:41:00,941,3701,other
37,21027573,26,2022-06-01 15:41:00,941,2022-06-01 17:05:00,1025,5030,o
37,21027573,26,2022-06-01 17:05:00,1025,2022-06-01 18:14:00,1094,4105,other
37,21027573,26,2022-06-01 18:14:00,1094,2022-06-01 18:24:00,1104,613,d
37,21027573,26,2022-06-01 18:24:00,1104,2022-06-01 19:36:00,1176,4344,other
37,21027573,26,2022-06-01 19:36:00,1176,2022-06-01 21:02:00,1262,5128,o
37,21027573,26,2022-06-01 21:02:00,1262,2022-06-01 22:04:00,1324,3730,other
37,21027573,26,2022-06-01 22:04:00,1324,2022-06-01 22:10:00,1330,371,d
37,21027573,26,2022-06-01 22:10:00,1330,2022-06-01 23:06:38,1386,3398,other
37,21027576,27,2022-06-01 06:42:00,402,2022-06-01 07:36:00,456,3183,other
37,21027576,27,2022-06-01 07:36:00,456,2022-06-01 07:44:00,464,504,d
37,21027576,27,2022-06-01 07:44:00,464,2022-06-01 08:45:00,525,3651,other
37,21027576,27,2022-06-01 08:45:00,525,2022-06-01 09:22:00,562,2260,o
37,21027576,27,2022-06-01 09:22:00,562,2022-06-01 10:28:00,628,3924,other
37,21027576,27,2022-06-01 10:28:00,628,2022-06-01 10:39:00,639,664,d
37,21027576,27,2022-06-01 10:39:00,639,2022-06-01 11:41:00,701,3746,other
37,21027576,27,2022-06-01 11:41:00,701,2022-06-01 12:42:00,762,3671,o
37,21027576,27,2022-06-01 12:42:00,762,2022-06-01 13:43:00,823,3602,other
37,21027576,27,2022-06-01 13:43:00,823,2022-06-01 13:54:00,834,675,d
37,21027576,27,2022-06-01 13:54:00,834,2022-06-01 14:56:00,896,3746,other
37,21027576,27,2022-06-01 14:56:00,896,2022-06-01 15:32:00,932,2139,o
37,21027576,27,2022-06-01 15:32:00,932,2022-06-01 16:33:00,993,3661,other
37,21027576,27,2022-06-01 16:33:00,993,2022-06-01 16:42:00,1002,523,d
37,21027576,27,2022-06-01 16:42:00,1002,2022-06-01 17:50:00,1070,4123,other
37,21027576,27,2022-06-01 17:50:00,1070,2022-06-01 19:17:00,1157,5200,o
37,21027576,27,2022-06-01 19:17:00,1157,2022-06-01 20:19:00,1219,3709,other
37,21027576,27,2022-06-01 20:19:00,1219,2022-06-01 20:26:00,1226,443,d
37,21027576,27,2022-06-01 20:26:00,1226,2022-06-01 21:30:16,1290,3856,other
37,21027588,28,2022-06-01 06:27:00,387,2022-06-01 06:47:00,407,1216,o
37,21027588,28,2022-06-01 06:47:00,407,2022-06-01 07:50:00,470,3777,other
37,21027588,28,2022-06-01 07:50:00,470,2022-06-01 07:54:00,474,210,d
37,21027588,28,2022-06-01 07:54:00,474,2022-06-01 09:05:00,545,4267,other
37,21027588,28,2022-06-01 09:05:00,545,2022-06-01 09:38:00,578,2008,o
37,21027588,28,2022-06-01 09:38:00,578,2022-06-01 10:50:00,650,4281,other
37,21027588,28,2022-06-01 10:50:00,650,2022-06-01 10:54:00,654,240,d
37,21027588,28,2022-06-01 10:54:00,654,2022-06-01 12:02:00,722,4132,other
37,21027588,28,2022-06-01 12:02:00,722,2022-06-01 12:10:00,730,482,o
37,21027588,28,2022-06-01 12:10:00,730,2022-06-01 14:19:00,859,7727,other
37,21027588,28,2022-06-01 14:19:00,859,2022-06-01 15:22:00,922,3756,o
37,21027588,28,2022-06-01 15:22:00,922,2022-06-01 16:27:00,987,3898,other
37,21027588,28,2022-06-01 16:27:00,987,2022-06-01 16:36:00,996,530,d
37,21027588,28,2022-06-01 16:36:00,996,2022-06-01 17:50:00,1070,4479,other
37,21027588,28,2022-06-01 17:50:00,1070,2022-06-01 20:47:00,1247,10608,o
37,21027588,28,2022-06-01 20:47:00,1247,2022-06-01 21:54:00,1314,3992,other
37,21027588,28,2022-06-01 21:54:00,1314,2022-06-01 22:00:00,1320,381,d
37,21027588,28,2022-06-01 22:00:00,1320,2022-06-01 22:55:59,1375,3359,other
37,21027598,29,2022-06-01 06:05:00,365,2022-06-01 06:31:00,391,1546,d
37,21027598,29,2022-06-01 06:31:00,391,2022-06-01 07:25:00,445,3271,other
37,21027598,29,2022-06-01 07:25:00,445,2022-06-01 07:42:00,462,994,o
37,21027598,29,2022-06-01 07:42:00,462,2022-06-01 08:50:00,530,4097,other
37,21027598,29,2022-06-01 08:50:00,530,2022-06-01 09:01:00,541,672,d
37,21027598,29,2022-06-01 09:01:00,541,2022-06-01 10:10:00,610,4150,other
37,21027598,29,2022-06-01 10:10:00,610,2022-06-01 10:49:00,649,2334,o
37,21027598,29,2022-06-01 10:49:00,649,2022-06-01 11:52:00,712,3741,other
37,21027598,29,2022-06-01 11:52:00,712,2022-06-01 12:00:00,720,471,d
37,21027598,29,2022-06-01 12:00:00,720,2022-06-01 13:04:00,784,3860,other
37,21027598,29,2022-06-01 13:04:00,784,2022-06-01 13:21:00,801,1053,o
37,21027598,29,2022-06-01 13:21:00,801,2022-06-01 14:26:00,866,3894,other
37,21027598,29,2022-06-01 14:26:00,866,2022-06-01 14:36:00,876,564,d
37,21027598,29,2022-06-01 14:36:00,876,2022-06-01 15:36:00,936,3613,other
37,21027598,29,2022-06-01 15:36:00,936,2022-06-01 16:00:00,960,1425,o
37,21027598,29,2022-06-01 16:00:00,960,2022-06-01 17:01:00,1021,3690,other
37,21027598,29,2022-06-01 17:01:00,1021,2022-06-01 17:08:00,1028,401,d
37,21027598,29,2022-06-01 17:08:00,1028,2022-06-01 18:19:00,1099,4246,other
37,21027598,29,2022-06-01 18:19:00,1099,2022-06-01 19:02:00,1142,2586,o
37,21027598,29,2022-06-01 19:02:00,1142,2022-06-01 20:03:00,1203,3647,other
37,21027598,29,2022-06-01 20:03:00,1203,2022-06-01 20:12:00,1212,564,d
37,21027598,29,2022-06-01 20:12:00,1212,2022-06-01 21:17:00,1277,3906,other
37,21027598,29,2022-06-01 21:17:00,1277,2022-06-01 22:03:47,1323,2807,o
37,21028220,30,2022-06-01 07:41:00,461,2022-06-01 08:33:00,513,3170,d
37,21028220,30,2022-06-01 08:33:00,513,2022-06-01 08:52:00,532,1112,o
37,21028220,30,2022-06-01 08:52:00,532,2022-06-01 09:54:00,594,3709,other
37,21028220,30,2022-06-01 09:54:00,594,2022-06-01 10:05:00,605,672,d
37,21028220,30,2022-06-01 10:05:00,605,2022-06-01 11:06:00,666,3693,other
37,21028220,30,2022-06-01 11:06:00,666,2022-06-01 12:23:00,743,4609,o
37,21028220,30,2022-06-01 12:23:00,743,2022-06-01 13:23:00,803,3569,other
37,21028220,30,2022-06-01 13:23:00,803,2022-06-01 13:31:00,811,523,d
37,21028220,30,2022-06-01 13:31:00,811,2022-06-01 14:36:00,876,3859,other
37,21028220,30,2022-06-01 14:36:00,876,2022-06-01 16:31:00,991,6922,o
37,21028220,30,2022-06-01 16:31:00,991,2022-06-01 17:25:03,1045,3243,other
37,21028411,31,2022-06-01 06:31:00,391,2022-06-01 06:55:00,415,1416,d
37,21028411,31,2022-06-01 06:55:00,415,2022-06-01 07:53:00,473,3509,other
37,21028411,31,2022-06-01 07:53:00,473,2022-06-01 08:11:00,491,1095,o
37,21028411,31,2022-06-01 08:11:00,491,2022-06-01 09:20:00,560,4126,other
37,21028411,31,2022-06-01 09:20:00,560,2022-06-01 09:31:00,571,672,d
37,21028411,31,2022-06-01 09:31:00,571,2022-06-01 10:37:00,637,3958,other
37,21028411,31,2022-06-01 10:37:00,637,2022-06-01 11:54:00,714,4585,o
37,21028411,31,2022-06-01 11:54:00,714,2022-06-01 12:55:00,775,3643,other
37,21028411,31,2022-06-01 12:55:00,775,2022-06-01 13:03:00,783,493,d
37,21028411,31,2022-06-01 13:03:00,783,2022-06-01 14:03:00,843,3601,other
37,21028411,31,2022-06-01 14:03:00,843,2022-06-01 17:26:00,1046,12166,o
37,21028411,31,2022-06-01 17:26:00,1046,2022-06-01 18:50:57,1130,5097,other
37,21028480,32,2022-06-01 06:42:00,402,2022-06-01 07:03:00,423,1296,o
37,21028480,32,2022-06-01 07:03:00,423,2022-06-01 08:02:00,482,3539,other
37,21028480,32,2022-06-01 08:02:00,482,2022-06-01 08:10:00,490,454,d
37,21028480,32,2022-06-01 08:10:00,490,2022-06-01 09:21:00,561,4241,other
37,21028480,32,2022-06-01 09:21:00,561,2022-06-01 09:57:00,597,2178,o
37,21028480,32,2022-06-01 09:57:00,597,2022-06-01 11:01:00,661,3826,other
37,21028480,32,2022-06-01 11:01:00,661,2022-06-01 11:14:00,674,770,d
37,21028480,32,2022-06-01 11:14:00,674,2022-06-01 12:16:00,736,3739,other
37,21028480,32,2022-06-01 12:16:00,736,2022-06-01 15:45:00,945,12521,o
37,21028480,32,2022-06-01 15:45:00,945,2022-06-01 16:42:00,1002,3460,other
37,21028480,32,2022-06-01 16:42:00,1002,2022-06-01 16:51:00,1011,550,d
37,21028480,32,2022-06-01 16:51:00,1011,2022-06-01 17:59:20,1079,4100,other
37,21028481,33,2022-06-01 05:51:00,351,2022-06-01 06:16:00,376,1471,other
37,21028481,33,2022-06-01 06:16:00,376,2022-06-01 06:38:00,398,1330,o
37,21028481,33,2022-06-01 06:38:00,398,2022-06-01 07:29:00,449,3045,other
37,21028481,33,2022-06-01 07:29:00,449,2022-06-01 07:39:00,459,633,d
37,21028481,33,2022-06-01 07:39:00,459,2022-06-01 08:45:00,525,3929,other
37,21028481,33,2022-06-01 08:45:00,525,2022-06-01 09:32:00,572,2840,o
37,21028481,33,2022-06-01 09:32:00,572,2022-06-01 10:36:00,636,3805,other
37,21028481,33,2022-06-01 10:36:00,636,2022-06-01 10:45:00,645,551,d
37,21028481,33,2022-06-01 10:45:00,645,2022-06-01 11:47:00,707,3706,other
37,21028481,33,2022-06-01 11:47:00,707,2022-06-01 16:07:55,967,15655,o
37,21028487,34,2022-06-01 12:53:00,773,2022-06-01 16:07:00,967,11652,other
37,21028487,34,2022-06-01 16:07:00,967,2022-06-01 16:29:00,989,1344,d
37,21028487,34,2022-06-01 16:29:00,989,2022-06-01 17:41:00,1061,4274,other
37,21028487,34,2022-06-01 17:41:00,1061,2022-06-01 18:01:52,1081,1252,o
37,21028535,35,2022-06-01 05:28:00,328,2022-06-01 05:50:00,350,1312,other
37,21028535,35,2022-06-01 05:50:00,350,2022-06-01 07:43:00,463,6760,o
37,21028535,35,2022-06-01 07:43:00,463,2022-06-01 08:33:00,513,3040,other
37,21028535,35,2022-06-01 08:33:00,513,2022-06-01 08:44:00,524,639,o
37,21028535,35,2022-06-01 08:44:00,524,2022-06-01 09:53:00,593,4143,other
37,21028535,35,2022-06-01 09:53:00,593,2022-06-01 09:57:00,597,230,d
37,21028535,35,2022-06-01 09:57:00,597,2022-06-01 11:01:00,661,3864,other
37,21028535,35,2022-06-01 11:01:00,661,2022-06-01 11:48:00,708,2807,o
37,21028535,35,2022-06-01 11:48:00,708,2022-06-01 12:45:09,765,3429,other
37,21028869,36,2022-06-01 07:08:00,428,2022-06-01 07:53:00,473,2663,o
37,21028869,36,2022-06-01 07:53:00,473,2022-06-01 08:58:00,538,3905,other
37,21028869,36,2022-06-01 08:58:00,538,2022-06-01 09:06:00,546,493,d
37,21028869,36,2022-06-01 09:06:00,546,2022-06-01 10:16:00,616,4195,other
37,21028869,36,2022-06-01 10:16:00,616,2022-06-01 16:04:50,964,20930,o
125,21032013,37,2022-06-01 06:28:00,388,2022-06-01 06:42:00,402,863,d
125,21032013,37,2022-06-01 06:42:00,402,2022-06-01 07:49:00,469,4028,other
125,21032013,37,2022-06-01 07:49:00,469,2022-06-01 08:34:00,514,2704,o
125,21032013,37,2022-06-01 08:34:00,514,2022-06-01 09:47:00,587,4354,other
125,21032013,37,2022-06-01 09:47:00,587,2022-06-01 09:57:00,597,634,d
125,21032013,37,2022-06-01 09:57:00,597,2022-06-01 11:09:00,669,4321,other
125,21032013,37,2022-06-01 11:09:00,669,2022-06-01 12:53:00,773,6224,o
125,21032013,37,2022-06-01 12:53:00,773,2022-06-01 13:59:00,839,3970,other
125,21032013,37,2022-06-01 13:59:00,839,2022-06-01 14:03:00,843,191,d
125,21032013,37,2022-06-01 14:03:00,843,2022-06-01 15:20:00,920,4649,other
125,21032013,37,2022-06-01 15:20:00,920,2022-06-01 17:04:00,1024,6236,o
125,21032013,37,2022-06-01 17:04:00,1024,2022-06-01 18:16:00,1096,4316,other
125,21032013,37,2022-06-01 18:16:00,1096,2022-06-01 18:25:00,1105,551,d
125,21032013,37,2022-06-01 18:25:00,1105,2022-06-01 19:46:00,1186,4884,other
125,21032013,37,2022-06-01 19:46:00,1186,2022-06-01 20:47:51,1247,3711,o
125,21032042,38,2022-06-01 06:47:00,407,2022-06-01 07:03:00,423,952,d
125,21032042,38,2022-06-01 07:03:00,423,2022-06-01 08:13:00,493,4196,other
125,21032042,38,2022-06-01 08:13:00,493,2022-06-01 08:59:00,539,2759,o
125,21032042,38,2022-06-01 08:59:00,539,2022-06-01 10:08:00,608,4177,other
125,21032042,38,2022-06-01 10:08:00,608,2022-06-01 10:12:00,612,201,d
125,21032042,38,2022-06-01 10:12:00,612,2022-06-01 11:14:00,674,3755,other
125,21032042,38,2022-06-01 11:14:00,674,2022-06-01 13:52:00,832,9459,o
125,21032042,38,2022-06-01 13:52:00,832,2022-06-01 14:53:00,893,3675,other
125,21032042,38,2022-06-01 14:53:00,893,2022-06-01 15:01:00,901,473,d
125,21032042,38,2022-06-01 15:01:00,901,2022-06-01 16:11:00,971,4178,other
125,21032042,38,2022-06-01 16:11:00,971,2022-06-01 17:44:00,1064,5597,o
125,21032042,38,2022-06-01 17:44:00,1064,2022-06-01 18:49:00,1129,3879,other
125,21032042,38,2022-06-01 18:49:00,1129,2022-06-01 19:13:00,1153,1465,d
125,21032042,38,2022-06-01 19:13:00,1153,2022-06-01 20:32:00,1232,4731,other
125,21032042,38,2022-06-01 20:32:00,1232,2022-06-01 21:18:46,1278,2806,o
125,21032095,39,2022-06-01 06:10:00,370,2022-06-01 06:26:00,386,1002,other
125,21032095,39,2022-06-01 06:26:00,386,2022-06-01 06:32:00,392,332,d
125,21032095,39,2022-06-01 06:32:00,392,2022-06-01 07:33:00,453,3704,other
125,21032095,39,2022-06-01 07:33:00,453,2022-06-01 08:23:00,503,2973,o
125,21032095,39,2022-06-01 08:23:00,503,2022-06-01 09:47:00,587,5017,other
125,21032095,39,2022-06-01 09:47:00,587,2022-06-01 09:51:00,591,290,d
125,21032095,39,2022-06-01 09:51:00,591,2022-06-01 11:04:00,664,4337,other
125,21032095,39,2022-06-01 11:04:00,664,2022-06-01 12:03:00,723,3559,o
125,21032095,39,2022-06-01 12:03:00,723,2022-06-01 13:06:00,786,3786,other
125,21032095,39,2022-06-01 13:06:00,786,2022-06-01 13:12:00,792,371,d
125,21032095,39,2022-06-01 13:12:00,792,2022-06-01 14:21:00,861,4130,other
125,21032095,39,2022-06-01 14:21:00,861,2022-06-01 15:44:00,944,4949,o
125,21032095,39,2022-06-01 15:44:00,944,2022-06-01 16:47:00,1007,3782,other
125,21032095,39,2022-06-01 16:47:00,1007,2022-06-01 16:52:00,1012,311,d
125,21032095,39,2022-06-01 16:52:00,1012,2022-06-01 18:06:00,1086,4469,other
125,21032095,39,2022-06-01 18:06:00,1086,2022-06-01 18:47:18,1127,2478,o
125,21032098,40,2022-06-01 07:16:00,436,2022-06-01 07:29:00,449,778,o
125,21032098,40,2022-06-01 07:29:00,449,2022-06-01 08:48:00,528,4750,other
125,21032098,40,2022-06-01 08:48:00,528,2022-06-01 08:52:00,532,252,d
125,21032098,40,2022-06-01 08:52:00,532,2022-06-01 10:08:00,608,4533,other
125,21032098,40,2022-06-01 10:08:00,608,2022-06-01 10:50:00,650,2549,o
125,21032098,40,2022-06-01 10:50:00,650,2022-06-01 12:00:00,720,4177,other
125,21032098,40,2022-06-01 12:00:00,720,2022-06-01 12:03:00,723,171,d
125,21032098,40,2022-06-01 12:03:00,723,2022-06-01 13:12:00,792,4150,other
125,21032098,40,2022-06-01 13:12:00,792,2022-06-01 14:33:00,873,4834,o
125,21032098,40,2022-06-01 14:33:00,873,2022-06-01 15:35:00,935,3742,other
125,21032098,40,2022-06-01 15:35:00,935,2022-06-01 16:03:00,963,1662,d
125,21032098,40,2022-06-01 16:03:00,963,2022-06-01 17:21:00,1041,4697,other
125,21032098,40,2022-06-01 17:21:00,1041,2022-06-01 17:54:00,1074,1979,o
125,21032098,40,2022-06-01 17:54:00,1074,2022-06-01 19:12:00,1152,4718,other
125,21032098,40,2022-06-01 19:12:00,1152,2022-06-01 19:26:00,1166,832,d
125,21032098,40,2022-06-01 19:26:00,1166,2022-06-01 20:42:16,1242,4576,other
125,21032130,41,2022-06-01 06:48:00,408,2022-06-01 07:12:00,432,1417,o
125,21032130,41,2022-06-01 07:12:00,432,2022-06-01 08:16:00,496,3883,other
125,21032130,41,2022-06-01 08:16:00,496,2022-06-01 08:21:00,501,302,d
125,21032130,41,2022-06-01 08:21:00,501,2022-06-01 09:44:00,584,4954,other
125,21032130,41,2022-06-01 09:44:00,584,2022-06-01 10:22:00,622,2256,o
125,21032130,41,2022-06-01 10:22:00,622,2022-06-01 11:30:00,690,4080,other
125,21032130,41,2022-06-01 11:30:00,690,2022-06-01 11:35:00,695,351,d
125,21032130,41,2022-06-01 11:35:00,695,2022-06-01 12:40:00,760,3853,other
125,21032130,41,2022-06-01 12:40:00,760,2022-06-01 13:44:00,824,3873,o
125,21032130,41,2022-06-01 13:44:00,824,2022-06-01 14:49:00,889,3912,other
125,21032130,41,2022-06-01 14:49:00,889,2022-06-01 14:52:00,892,151,d
125,21032130,41,2022-06-01 14:52:00,892,2022-06-01 16:05:00,965,4387,other
125,21032130,41,2022-06-01 16:05:00,965,2022-06-01 17:19:00,1039,4456,o
125,21032130,41,2022-06-01 17:19:00,1039,2022-06-01 18:28:00,1108,4146,other
125,21032130,41,2022-06-01 18:28:00,1108,2022-06-01 18:41:00,1121,773,d
125,21032130,41,2022-06-01 18:41:00,1121,2022-06-01 20:05:12,1205,5052,other
125,21032136,42,2022-06-01 06:35:00,395,2022-06-01 06:45:00,405,583,o
125,21032136,42,2022-06-01 06:45:00,405,2022-06-01 07:51:00,471,3947,other
125,21032136,42,2022-06-01 07:51:00,471,2022-06-01 07:54:00,474,202,d
125,21032136,42,2022-06-01 07:54:00,474,2022-06-01 11:13:00,673,11955,other
125,21032136,42,2022-06-01 11:13:00,673,2022-06-01 11:28:00,688,903,d
125,21032136,42,2022-06-01 11:28:00,688,2022-06-01 12:29:00,749,3654,other
125,21032136,42,2022-06-01 12:29:00,749,2022-06-01 13:22:00,802,3150,o
125,21032136,42,2022-06-01 13:22:00,802,2022-06-01 14:24:00,864,3748,other
125,21032136,42,2022-06-01 14:24:00,864,2022-06-01 14:28:00,868,241,d
125,21032136,42,2022-06-01 14:28:00,868,2022-06-01 15:39:00,939,4240,other
125,21032136,42,2022-06-01 15:39:00,939,2022-06-01 16:35:00,995,3362,o
125,21032136,42,2022-06-01 16:35:00,995,2022-06-01 17:38:00,1058,3816,other
125,21032136,42,2022-06-01 17:38:00,1058,2022-06-01 18:01:00,1081,1375,d
125,21032136,42,2022-06-01 18:01:00,1081,2022-06-01 19:25:17,1165,5057,other
125,21032165,43,2022-06-01 07:18:00,438,2022-06-01 09:05:00,545,6440,o
125,21032165,43,2022-06-01 09:05:00,545,2022-06-01 09:07:00,547,90,d
125,21032165,43,2022-06-01 09:07:00,547,2022-06-01 10:28:00,628,4863,other
125,21032165,43,2022-06-01 10:28:00,628,2022-06-01 10:48:00,648,1197,d
125,21032165,43,2022-06-01 10:48:00,648,2022-06-01 11:54:00,714,4019,other
125,21032165,43,2022-06-01 11:54:00,714,2022-06-01 12:45:00,765,3030,o
125,21032165,43,2022-06-01 12:45:00,765,2022-06-01 13:50:00,830,3871,other
125,21032165,43,2022-06-01 13:50:00,830,2022-06-01 13:52:00,832,162,d
125,21032165,43,2022-06-01 13:52:00,832,2022-06-01 15:07:00,907,4485,other
125,21032165,43,2022-06-01 15:07:00,907,2022-06-01 16:45:00,1005,5858,o
125,21032165,43,2022-06-01 16:45:00,1005,2022-06-01 18:11:00,1091,5200,other
125,21032165,43,2022-06-01 18:11:00,1091,2022-06-01 18:18:00,1098,379,d
125,21032165,43,2022-06-01 18:18:00,1098,2022-06-01 19:52:00,1192,5656,other
125,21032165,43,2022-06-01 19:52:00,1192,2022-06-01 20:35:00,1235,2566,o
125,21032165,43,2022-06-01 20:35:00,1235,2022-06-01 21:45:00,1305,4218,other
125,21032165,43,2022-06-01 21:45:00,1305,2022-06-01 22:02:00,1322,1016,d
125,21032165,43,2022-06-01 22:02:00,1322,2022-06-01 23:04:45,1384,3765,other
125,21032172,44,2022-06-01 07:04:00,424,2022-06-01 07:24:00,444,1172,d
125,21032172,44,2022-06-01 07:24:00,444,2022-06-01 08:37:00,517,4388,other
125,21032172,44,2022-06-01 08:37:00,517,2022-06-01 09:22:00,562,2701,o
125,21032172,44,2022-06-01 09:22:00,562,2022-06-01 10:36:00,636,4465,other
125,21032172,44,2022-06-01 10:36:00,636,2022-06-01 10:38:00,638,91,d
125,21032172,44,2022-06-01 10:38:00,638,2022-06-01 11:44:00,704,3968,other
125,21032172,44,2022-06-01 11:44:00,704,2022-06-01 14:46:00,886,10901,o
125,21032172,44,2022-06-01 14:46:00,886,2022-06-01 15:49:00,949,3772,other
125,21032172,44,2022-06-01 15:49:00,949,2022-06-01 16:11:00,971,1313,d
125,21032172,44,2022-06-01 16:11:00,971,2022-06-01 17:33:00,1053,4969,other
125,21032172,44,2022-06-01 17:33:00,1053,2022-06-01 18:13:00,1093,2380,o
125,21032172,44,2022-06-01 18:13:00,1093,2022-06-01 19:19:00,1159,3939,other
125,21032172,44,2022-06-01 19:19:00,1159,2022-06-01 19:49:00,1189,1841,d
125,21032172,44,2022-06-01 19:49:00,1189,2022-06-01 20:59:00,1259,4160,other
125,21032172,44,2022-06-01 20:59:00,1259,2022-06-01 21:50:22,1310,3082,o
125,21032199,45,2022-06-01 06:56:00,416,2022-06-01 07:12:00,432,964,d
125,21032199,45,2022-06-01 07:12:00,432,2022-06-01 08:17:00,497,3886,other
125,21032199,45,2022-06-01 08:17:00,497,2022-06-01 09:11:00,551,3200,o
125,21032199,45,2022-06-01 09:11:00,551,2022-06-01 10:22:00,622,4295,other
125,21032199,45,2022-06-01 10:22:00,622,2022-06-01 10:24:00,624,121,d
125,21032199,45,2022-06-01 10:24:00,624,2022-06-01 11:33:00,693,4154,other
125,21032199,45,2022-06-01 11:33:00,693,2022-06-01 14:17:00,857,9826,o
125,21032199,45,2022-06-01 14:17:00,857,2022-06-01 15:25:00,925,4076,other
125,21032199,45,2022-06-01 15:25:00,925,2022-06-01 15:27:00,927,130,d
125,21032199,45,2022-06-01 15:27:00,927,2022-06-01 16:56:00,1016,5339,other
125,21032199,45,2022-06-01 16:56:00,1016,2022-06-01 18:04:00,1084,4062,o
125,21032199,45,2022-06-01 18:04:00,1084,2022-06-01 19:33:00,1173,5351,other
125,21032199,45,2022-06-01 19:33:00,1173,2022-06-01 19:37:00,1177,262,d
125,21032199,45,2022-06-01 19:37:00,1177,2022-06-01 20:50:00,1250,4381,other
125,21032199,45,2022-06-01 20:50:00,1250,2022-06-01 21:34:20,1294,2660,o
125,21032201,46,2022-06-01 07:07:00,427,2022-06-01 09:00:00,540,6756,o
125,21032201,46,2022-06-01 09:00:00,540,2022-06-01 09:07:00,547,401,d
125,21032201,46,2022-06-01 09:07:00,547,2022-06-01 10:21:00,621,4470,other
125,21032201,46,2022-06-01 10:21:00,621,2022-06-01 11:24:00,684,3798,o
125,21032201,46,2022-06-01 11:24:00,684,2022-06-01 12:25:00,745,3617,other
125,21032201,46,2022-06-01 12:25:00,745,2022-06-01 12:34:00,754,572,d
125,21032201,46,2022-06-01 12:34:00,754,2022-06-01 13:41:00,821,4008,other
125,21032201,46,2022-06-01 13:41:00,821,2022-06-01 15:34:00,934,6771,o
125,21032201,46,2022-06-01 15:34:00,934,2022-06-01 16:40:00,1000,3964,other
125,21032201,46,2022-06-01 16:40:00,1000,2022-06-01 17:01:00,1021,1283,d
125,21032201,46,2022-06-01 17:01:00,1021,2022-06-01 18:31:03,1111,5403,other
125,21032226,47,2022-06-01 07:07:00,427,2022-06-01 07:36:00,456,1766,o
125,21032226,47,2022-06-01 07:36:00,456,2022-06-01 08:49:00,529,4372,other
125,21032226,47,2022-06-01 08:49:00,529,2022-06-01 08:58:00,538,503,d
125,21032226,47,2022-06-01 08:58:00,538,2022-06-01 10:08:00,608,4210,other
125,21032226,47,2022-06-01 10:08:00,608,2022-06-01 10:58:00,658,3010,o
125,21032226,47,2022-06-01 10:58:00,658,2022-06-01 11:58:00,718,3615,other
125,21032226,47,2022-06-01 11:58:00,718,2022-06-01 12:10:00,730,721,d
125,21032226,47,2022-06-01 12:10:00,730,2022-06-01 13:15:00,795,3875,other
125,21032226,47,2022-06-01 13:15:00,795,2022-06-01 15:05:00,905,6599,o
125,21032226,47,2022-06-01 15:05:00,905,2022-06-01 16:07:00,967,3763,other
125,21032226,47,2022-06-01 16:07:00,967,2022-06-01 16:26:00,986,1103,d
125,21032226,47,2022-06-01 16:26:00,986,2022-06-01 17:38:00,1058,4324,other
125,21032226,47,2022-06-01 17:38:00,1058,2022-06-01 18:34:00,1114,3364,o
125,21032226,47,2022-06-01 18:34:00,1114,2022-06-01 19:38:00,1178,3821,other
125,21032226,47,2022-06-01 19:38:00,1178,2022-06-01 20:17:00,1217,2387,d
125,21032226,47,2022-06-01 20:17:00,1217,2022-06-01 21:22:14,1282,3914,other
125,21032329,48,2022-06-01 07:30:00,450,2022-06-01 08:00:00,480,1770,o
125,21032329,48,2022-06-01 08:00:00,480,2022-06-01 09:36:00,576,5762,other
125,21032329,48,2022-06-01 09:36:00,576,2022-06-01 09:42:00,582,362,d
125,21032329,48,2022-06-01 09:42:00,582,2022-06-01 10:56:00,656,4451,other
125,21032329,48,2022-06-01 10:56:00,656,2022-06-01 11:44:00,704,2872,o
125,21032329,48,2022-06-01 11:44:00,704,2022-06-01 12:51:00,771,4019,other
125,21032329,48,2022-06-01 12:51:00,771,2022-06-01 12:54:00,774,181,d
125,21032329,48,2022-06-01 12:54:00,774,2022-06-01 14:05:00,845,4292,other
125,21032329,48,2022-06-01 14:05:00,845,2022-06-01 16:06:00,966,7260,o
125,21032329,48,2022-06-01 16:06:00,966,2022-06-01 17:12:59,1032,4019,other
125,21032341,49,2022-06-01 07:17:00,437,2022-06-01 07:44:00,464,1635,o
125,21032341,49,2022-06-01 07:44:00,464,2022-06-01 08:58:00,538,4423,other
125,21032341,49,2022-06-01 08:58:00,538,2022-06-01 09:02:00,542,220,d
125,21032341,49,2022-06-01 09:02:00,542,2022-06-01 10:13:00,613,4290,other
125,21032341,49,2022-06-01 10:13:00,613,2022-06-01 11:15:00,675,3711,o
125,21032341,49,2022-06-01 11:15:00,675,2022-06-01 12:12:00,732,3449,other
125,21032341,49,2022-06-01 12:12:00,732,2022-06-01 12:26:00,746,804,d
125,21032341,49,2022-06-01 12:26:00,746,2022-06-01 13:31:00,811,3905,other
125,21032341,49,2022-06-01 13:31:00,811,2022-06-01 15:14:00,914,6213,o
125,21032341,49,2022-06-01 15:14:00,914,2022-06-01 16:13:00,973,3518,other
125,21032341,49,2022-06-01 16:13:00,973,2022-06-01 16:34:00,994,1235,d
125,21032341,49,2022-06-01 16:34:00,994,2022-06-01 17:46:00,1066,4349,other
125,21032341,49,2022-06-01 17:46:00,1066,2022-06-01 19:05:00,1145,4706,o
125,21032341,49,2022-06-01 19:05:00,1145,2022-06-01 20:21:00,1221,4610,other
125,21032341,49,2022-06-01 20:21:00,1221,2022-06-01 20:33:00,1233,681,d
125,21032341,49,2022-06-01 20:33:00,1233,2022-06-01 21:38:55,1298,3955,other
125,21032361,50,2022-06-01 07:06:00,426,2022-06-01 08:28:00,508,4933,o
125,21032361,50,2022-06-01 08:28:00,508,2022-06-01 08:41:00,521,812,d
125,21032361,50,2022-06-01 08:41:00,521,2022-06-01 09:52:00,592,4236,other
125,21032361,50,2022-06-01 09:52:00,592,2022-06-01 10:43:00,643,3040,o
125,21032361,50,2022-06-01 10:43:00,643,2022-06-01 11:47:00,707,3853,other
125,21032361,50,2022-06-01 11:47:00,707,2022-06-01 11:52:00,712,303,d
125,21032361,50,2022-06-01 11:52:00,712,2022-06-01 13:04:00,784,4339,other
125,21032361,50,2022-06-01 13:04:00,784,2022-06-01 14:09:00,849,3912,o
125,21032361,50,2022-06-01 14:09:00,849,2022-06-01 15:09:00,909,3555,other
125,21032361,50,2022-06-01 15:09:00,909,2022-06-01 15:27:00,927,1085,d
125,21032361,50,2022-06-01 15:27:00,927,2022-06-01 16:35:55,995,4135,other
125,21032374,51,2022-06-01 07:42:00,462,2022-06-01 07:52:00,472,614,o
125,21032374,51,2022-06-01 07:52:00,472,2022-06-01 09:10:00,550,4654,other
125,21032374,51,2022-06-01 09:10:00,550,2022-06-01 09:12:00,552,171,d
125,21032374,51,2022-06-01 09:12:00,552,2022-06-01 10:26:00,626,4448,other
125,21032374,51,2022-06-01 10:26:00,626,2022-06-01 11:35:00,695,4089,o
125,21032374,51,2022-06-01 11:35:00,695,2022-06-01 12:34:00,754,3588,other
125,21032374,51,2022-06-01 12:34:00,754,2022-06-01 12:42:00,762,473,d
125,21032374,51,2022-06-01 12:42:00,762,2022-06-01 13:52:00,832,4170,other
125,21032374,51,2022-06-01 13:52:00,832,2022-06-01 15:24:00,924,5557,o
125,21032374,51,2022-06-01 15:24:00,924,2022-06-01 16:27:00,987,3739,other
125,21032374,51,2022-06-01 16:27:00,987,2022-06-01 16:41:00,1001,880,d
125,21032374,51,2022-06-01 16:41:00,1001,2022-06-01 18:02:00,1082,4862,other
125,21032374,51,2022-06-01 18:02:00,1082,2022-06-01 19:20:00,1160,4644,o
125,21032374,51,2022-06-01 19:20:00,1160,2022-06-01 20:35:00,1235,4506,other
125,21032374,51,2022-06-01 20:35:00,1235,2022-06-01 20:46:00,1246,682,d
125,21032374,51,2022-06-01 20:46:00,1246,2022-06-01 21:54:27,1314,4107,other
125,21032381,52,2022-06-01 06:21:00,381,2022-06-01 07:20:00,440,3533,o
125,21032381,52,2022-06-01 07:20:00,440,2022-06-01 08:31:00,511,4264,other
125,21032381,52,2022-06-01 08:31:00,511,2022-06-01 08:32:00,512,100,d
125,21032381,52,2022-06-01 08:32:00,512,2022-06-01 09:44:00,584,4312,other
125,21032381,52,2022-06-01 09:44:00,584,2022-06-01 10:33:00,633,2942,o
125,21032381,52,2022-06-01 10:33:00,633,2022-06-01 12:50:00,770,8239,other
125,21032381,52,2022-06-01 12:50:00,770,2022-06-01 14:00:00,840,4165,o
125,21032381,52,2022-06-01 14:00:00,840,2022-06-01 15:11:00,911,4245,other
125,21032381,52,2022-06-01 15:11:00,911,2022-06-01 15:13:00,913,130,d
125,21032381,52,2022-06-01 15:13:00,913,2022-06-01 16:24:00,984,4275,other
125,21032381,52,2022-06-01 16:24:00,984,2022-06-01 17:35:00,1055,4243,o
125,21032381,52,2022-06-01 17:35:00,1055,2022-06-01 18:41:00,1121,4001,other
125,21032381,52,2022-06-01 18:41:00,1121,2022-06-01 19:02:00,1142,1205,d
125,21032381,52,2022-06-01 19:02:00,1142,2022-06-01 20:22:21,1222,4821,other
125,21032384,53,2022-06-01 07:21:00,441,2022-06-01 08:34:00,514,4409,o
125,21032384,53,2022-06-01 08:34:00,514,2022-06-01 08:47:00,527,751,d
125,21032384,53,2022-06-01 08:47:00,527,2022-06-01 10:00:00,600,4377,other
125,21032384,53,2022-06-01 10:00:00,600,2022-06-01 11:06:00,666,3952,o
125,21032384,53,2022-06-01 11:06:00,666,2022-06-01 12:09:00,729,3813,other
125,21032384,53,2022-06-01 12:09:00,729,2022-06-01 12:18:00,738,511,d
125,21032384,53,2022-06-01 12:18:00,738,2022-06-01 13:25:00,805,4049,other
125,21032384,53,2022-06-01 13:25:00,805,2022-06-01 14:25:00,865,3572,o
125,21032384,53,2022-06-01 14:25:00,865,2022-06-01 15:25:00,925,3607,other
125,21032384,53,2022-06-01 15:25:00,925,2022-06-01 15:50:00,950,1486,d
125,21032384,53,2022-06-01 15:50:00,950,2022-06-01 17:00:31,1020,4231,other
125,21032391,54,2022-06-01 07:26:00,446,2022-06-01 07:36:00,456,611,d
125,21032391,54,2022-06-01 07:36:00,456,2022-06-01 08:49:00,529,4349,other
125,21032391,54,2022-06-01 08:49:00,529,2022-06-01 09:35:00,575,2786,o
125,21032391,54,2022-06-01 09:35:00,575,2022-06-01 10:46:00,646,4212,other
125,21032391,54,2022-06-01 10:46:00,646,2022-06-01 10:52:00,652,402,d
125,21032391,54,2022-06-01 10:52:00,652,2022-06-01 11:57:00,717,3893,other
125,21032391,54,2022-06-01 11:57:00,717,2022-06-01 14:54:00,894,10602,o
125,21032391,54,2022-06-01 14:54:00,894,2022-06-01 15:57:00,957,3796,other
125,21032391,54,2022-06-01 15:57:00,957,2022-06-01 16:18:00,978,1243,d
125,21032391,54,2022-06-01 16:18:00,978,2022-06-01 17:29:00,1049,4297,other
125,21032391,54,2022-06-01 17:29:00,1049,2022-06-01 18:25:00,1105,3322,o
125,21032391,54,2022-06-01 18:25:00,1105,2022-06-01 19:27:00,1167,3741,other
125,21032391,54,2022-06-01 19:27:00,1167,2022-06-01 20:02:00,1202,2101,d
125,21032391,54,2022-06-01 20:02:00,1202,2022-06-01 21:12:00,1272,4190,other
125,21032391,54,2022-06-01 21:12:00,1272,2022-06-01 22:05:26,1325,3206,o
125,21032404,55,2022-06-01 07:23:00,443,2022-06-01 09:04:00,544,6106,o
125,21032404,55,2022-06-01 09:04:00,544,2022-06-01 09:18:00,558,793,d
125,21032404,55,2022-06-01 09:18:00,558,2022-06-01 10:29:00,629,4304,other
125,21032404,55,2022-06-01 10:29:00,629,2022-06-01 12:24:00,744,6872,o
125,21032404,55,2022-06-01 12:24:00,744,2022-06-01 13:31:00,811,4051,other
125,21032404,55,2022-06-01 13:31:00,811,2022-06-01 13:33:00,813,121,d
125,21032404,55,2022-06-01 13:33:00,813,2022-06-01 14:45:00,885,4314,other
125,21032404,55,2022-06-01 14:45:00,885,2022-06-01 16:14:00,974,5325,o
125,21032404,55,2022-06-01 16:14:00,974,2022-06-01 17:19:00,1039,3898,other
125,21032404,55,2022-06-01 17:19:00,1039,2022-06-01 17:32:00,1052,800,d
125,21032404,55,2022-06-01 17:32:00,1052,2022-06-01 19:21:00,1161,6528,other
125,21032404,55,2022-06-01 19:21:00,1161,2022-06-01 20:04:00,1204,2600,o
125,21032404,55,2022-06-01 20:04:00,1204,2022-06-01 21:07:00,1267,3778,other
125,21032404,55,2022-06-01 21:07:00,1267,2022-06-01 21:32:00,1292,1504,d
125,21032404,55,2022-06-01 21:32:00,1292,2022-06-01 22:39:30,1359,4050,other
125,21037609,56,2022-06-01 06:42:00,402,2022-06-01 06:52:00,412,594,d
125,21037609,56,2022-06-01 06:52:00,412,2022-06-01 07:57:00,477,3909,other
125,21037609,56,2022-06-01 07:57:00,477,2022-06-01 08:46:00,526,2902,o
125,21037609,56,2022-06-01 08:46:00,526,2022-06-01 09:53:00,593,4017,other
125,21037609,56,2022-06-01 09:53:00,593,2022-06-01 10:03:00,603,643,d
125,21037609,56,2022-06-01 10:03:00,603,2022-06-01 11:12:00,672,4115,other
125,21037609,56,2022-06-01 11:12:00,672,2022-06-01 13:05:00,785,6765,o
125,21037609,56,2022-06-01 13:05:00,785,2022-06-01 14:11:00,851,3956,other
125,21037609,56,2022-06-01 14:11:00,851,2022-06-01 14:13:00,853,110,d
125,21037609,56,2022-06-01 14:13:00,853,2022-06-01 15:25:00,925,4357,other
125,21037609,56,2022-06-01 15:25:00,925,2022-06-01 17:29:00,1049,7425,o
125,21037609,56,2022-06-01 17:29:00,1049,2022-06-01 18:36:00,1116,4032,other
125,21037609,56,2022-06-01 18:36:00,1116,2022-06-01 18:52:00,1132,974,d
125,21037609,56,2022-06-01 18:52:00,1132,2022-06-01 20:05:00,1205,4369,other
125,21037609,56,2022-06-01 20:05:00,1205,2022-06-01 21:03:23,1263,3503,o
125,21037618,57,2022-06-01 07:49:00,469,2022-06-01 08:17:00,497,1724,o
125,21037618,57,2022-06-01 08:17:00,497,2022-06-01 09:28:00,568,4242,other
125,21037618,57,2022-06-01 09:28:00,568,2022-06-01 09:48:00,588,1196,d
125,21037618,57,2022-06-01 09:48:00,588,2022-06-01 10:53:00,653,3915,other
125,21037618,57,2022-06-01 10:53:00,653,2022-06-01 12:15:00,735,4918,o
125,21037618,57,2022-06-01 12:15:00,735,2022-06-01 13:14:00,794,3525,other
125,21037618,57,2022-06-01 13:14:00,794,2022-06-01 13:22:00,802,480,d
125,21037618,57,2022-06-01 13:22:00,802,2022-06-01 14:29:00,869,4051,other
125,21037618,57,2022-06-01 14:29:00,869,2022-06-01 16:04:00,964,5703,o
125,21037618,57,2022-06-01 16:04:00,964,2022-06-01 17:20:00,1040,4556,other
125,21037618,57,2022-06-01 17:20:00,1040,2022-06-01 17:25:00,1045,304,d
125,21037618,57,2022-06-01 17:25:00,1045,2022-06-01 19:09:00,1149,6205,other
125,21037618,57,2022-06-01 19:09:00,1149,2022-06-01 19:49:00,1189,2406,o
125,21037618,57,2022-06-01 19:49:00,1189,2022-06-01 20:54:00,1254,3888,other
125,21037618,57,2022-06-01 20:54:00,1254,2022-06-01 21:16:00,1276,1354,d
125,21037618,57,2022-06-01 21:16:00,1276,2022-06-01 22:20:52,1340,3892,other
125,21037619,58,2022-06-01 06:31:00,391,2022-06-01 07:04:00,424,1970,o
125,21037619,58,2022-06-01 07:04:00,424,2022-06-01 08:09:00,489,3875,other
125,21037619,58,2022-06-01 08:09:00,489,2022-06-01 08:11:00,491,141,d
125,21037619,58,2022-06-01 08:11:00,491,2022-06-01 09:29:00,569,4647,other
125,21037619,58,2022-06-01 09:29:00,569,2022-06-01 10:10:00,610,2481,o
125,21037619,58,2022-06-01 10:10:00,610,2022-06-01 11:16:00,676,3935,other
125,21037619,58,2022-06-01 11:16:00,676,2022-06-01 11:17:00,677,110,d
125,21037619,58,2022-06-01 11:17:00,677,2022-06-01 12:24:00,744,3996,other
125,21037619,58,2022-06-01 12:24:00,744,2022-06-01 13:37:00,817,4347,o
125,21037619,58,2022-06-01 13:37:00,817,2022-06-01 14:42:00,882,3906,other
125,21037619,58,2022-06-01 14:42:00,882,2022-06-01 14:43:00,883,100,d
125,21037619,58,2022-06-01 14:43:00,883,2022-06-01 15:49:00,949,3965,other
125,21037619,58,2022-06-01 15:49:00,949,2022-06-01 17:11:00,1031,4920,o
125,21037619,58,2022-06-01 17:11:00,1031,2022-06-01 18:19:00,1099,4044,other
125,21037619,58,2022-06-01 18:19:00,1099,2022-06-01 18:33:00,1113,871,d
125,21037619,58,2022-06-01 18:33:00,1113,2022-06-01 19:54:20,1194,4880,other
125,21037620,59,2022-06-01 09:23:00,563,2022-06-01 10:32:00,632,4125,other
125,21037620,59,2022-06-01 10:32:00,632,2022-06-01 12:36:00,756,7444,o
125,21037620,59,2022-06-01 12:36:00,756,2022-06-01 13:44:00,824,4057,other
125,21037620,59,2022-06-01 13:44:00,824,2022-06-01 13:53:00,833,550,d
125,21037620,59,2022-06-01 13:53:00,833,2022-06-01 14:56:00,896,3810,other
125,21037620,59,2022-06-01 14:56:00,896,2022-06-01 16:25:00,985,5353,o
125,21037620,59,2022-06-01 16:25:00,985,2022-06-01 17:30:00,1050,3865,other
125,21037620,59,2022-06-01 17:30:00,1050,2022-06-01 17:51:00,1071,1294,d
125,21037620,59,2022-06-01 17:51:00,1071,2022-06-01 19:25:00,1165,5630,other
125,21037620,59,2022-06-01 19:25:00,1165,2022-06-01 20:21:00,1221,3314,o
125,21037620,59,2022-06-01 20:21:00,1221,2022-06-01 21:45:00,1305,5047,other
125,21037620,59,2022-06-01 21:45:00,1305,2022-06-01 21:47:00,1307,151,d
125,21037620,59,2022-06-01 21:47:00,1307,2022-06-01 22:50:26,1370,3806,other
125,21037633,60,2022-06-01 07:49:00,469,2022-06-01 08:07:00,487,1063,o
125,21037633,60,2022-06-01 08:07:00,487,2022-06-01 09:23:00,563,4565,other
125,21037633,60,2022-06-01 09:23:00,563,2022-06-01 09:31:00,571,492,d
125,21037633,60,2022-06-01 09:31:00,571,2022-06-01 10:40:00,640,4098,other
125,21037633,60,2022-06-01 10:40:00,640,2022-06-01 11:54:00,714,4436,o
125,21037633,60,2022-06-01 11:54:00,714,2022-06-01 12:54:00,774,3606,other
125,21037633,60,2022-06-01 12:54:00,774,2022-06-01 13:02:00,782,470,d
125,21037633,60,2022-06-01 13:02:00,782,2022-06-01 14:05:00,845,3822,other
125,21037633,60,2022-06-01 14:05:00,845,2022-06-01 15:55:00,955,6562,o
125,21037633,60,2022-06-01 15:55:00,955,2022-06-01 17:10:00,1030,4504,other
125,21037633,60,2022-06-01 17:10:00,1030,2022-06-01 17:13:00,1033,220,d
125,21037633,60,2022-06-01 17:13:00,1033,2022-06-01 18:56:00,1136,6172,other
125,21037633,60,2022-06-01 18:56:00,1136,2022-06-01 19:35:00,1175,2346,o
125,21037633,60,2022-06-01 19:35:00,1175,2022-06-01 20:40:00,1240,3885,other
125,21037633,60,2022-06-01 20:40:00,1240,2022-06-01 21:02:00,1262,1303,d
125,21037633,60,2022-06-01 21:02:00,1262,2022-06-01 22:10:42,1330,4122,other
125,21037635,61,2022-06-01 06:18:00,378,2022-06-01 06:34:00,394,974,o
125,21037635,61,2022-06-01 06:34:00,394,2022-06-01 07:34:00,454,3632,other
125,21037635,61,2022-06-01 07:34:00,454,2022-06-01 07:47:00,467,783,d
125,21037635,61,2022-06-01 07:47:00,467,2022-06-01 08:57:00,537,4180,other
125,21037635,61,2022-06-01 08:57:00,537,2022-06-01 09:47:00,587,2997,o
125,21037635,61,2022-06-01 09:47:00,587,2022-06-01 10:54:00,654,4012,other
125,21037635,61,2022-06-01 10:54:00,654,2022-06-01 10:55:00,655,100,d
125,21037635,61,2022-06-01 10:55:00,655,2022-06-01 12:03:00,723,4035,other
125,21037635,61,2022-06-01 12:03:00,723,2022-06-01 13:12:00,792,4155,o
125,21037635,61,2022-06-01 13:12:00,792,2022-06-01 14:15:00,855,3763,other
125,21037635,61,2022-06-01 14:15:00,855,2022-06-01 14:20:00,860,300,d
125,21037635,61,2022-06-01 14:20:00,860,2022-06-01 15:28:00,928,4094,other
125,21037635,61,2022-06-01 15:28:00,928,2022-06-01 15:36:12,936,492,o
125,21037696,62,2022-06-01 06:27:00,387,2022-06-01 06:54:00,414,1603,o
125,21037696,62,2022-06-01 06:54:00,414,2022-06-01 07:58:00,478,3831,other
125,21037696,62,2022-06-01 07:58:00,478,2022-06-01 08:01:00,481,163,d
125,21037696,62,2022-06-01 08:01:00,481,2022-06-01 09:13:00,553,4332,other
125,21037696,62,2022-06-01 09:13:00,553,2022-06-01 09:58:00,598,2719,o
125,21037696,62,2022-06-01 09:58:00,598,2022-06-01 11:03:00,663,3882,other
125,21037696,62,2022-06-01 11:03:00,663,2022-06-01 11:08:00,668,310,d
125,21037696,62,2022-06-01 11:08:00,668,2022-06-01 12:13:00,733,3919,other
125,21037696,62,2022-06-01 12:13:00,733,2022-06-01 13:29:00,809,4537,o
125,21037696,62,2022-06-01 13:29:00,809,2022-06-01 14:27:00,867,3508,other
125,21037696,62,2022-06-01 14:27:00,867,2022-06-01 14:35:00,875,473,d
125,21037696,62,2022-06-01 14:35:00,875,2022-06-01 15:41:00,941,3948,other
125,21037696,62,2022-06-01 15:41:00,941,2022-06-01 16:54:00,1014,4375,o
125,21037696,62,2022-06-01 16:54:00,1014,2022-06-01 17:53:00,1073,3553,other
125,21037696,62,2022-06-01 17:53:00,1073,2022-06-01 18:10:00,1090,1002,d
125,21037696,62,2022-06-01 18:10:00,1090,2022-06-01 19:38:44,1178,5324,other
228,21022060,63,2022-06-01 06:41:00,401,2022-06-01 07:05:00,425,1444,d
228,21022060,63,2022-06-01 07:05:00,425,2022-06-01 07:37:00,457,1875,other
228,21022060,63,2022-06-01 07:37:00,457,2022-06-01 08:15:00,495,2307,o
228,21022060,63,2022-06-01 08:15:00,495,2022-06-01 09:00:00,540,2674,other
228,21022060,63,2022-06-01 09:00:00,540,2022-06-01 09:02:00,542,171,d
228,21022060,63,2022-06-01 09:02:00,542,2022-06-01 09:36:00,576,2028,other
228,21022060,63,2022-06-01 09:36:00,576,2022-06-01 10:16:00,616,2378,o
228,21022060,63,2022-06-01 10:16:00,616,2022-06-01 10:53:00,653,2253,other
228,21022060,63,2022-06-01 10:53:00,653,2022-06-01 10:57:00,657,191,d
228,21022060,63,2022-06-01 10:57:00,657,2022-06-01 11:28:00,688,1888,other
228,21022060,63,2022-06-01 11:28:00,688,2022-06-01 12:16:00,736,2892,o
228,21022060,63,2022-06-01 12:16:00,736,2022-06-01 12:56:00,776,2378,other
228,21022060,63,2022-06-01 12:56:00,776,2022-06-01 12:58:00,778,150,d
228,21022060,63,2022-06-01 12:58:00,778,2022-06-01 13:31:00,811,1940,other
228,21022060,63,2022-06-01 13:31:00,811,2022-06-01 14:29:00,869,3466,o
228,21022060,63,2022-06-01 14:29:00,869,2022-06-01 15:08:00,908,2361,other
228,21022060,63,2022-06-01 15:08:00,908,2022-06-01 15:10:00,910,140,d
228,21022060,63,2022-06-01 15:10:00,910,2022-06-01 15:44:00,944,2038,other
228,21022060,63,2022-06-01 15:44:00,944,2022-06-01 16:52:00,1012,4075,o
228,21022060,63,2022-06-01 16:52:00,1012,2022-06-01 17:33:00,1053,2430,other
228,21022060,63,2022-06-01 17:33:00,1053,2022-06-01 17:36:00,1056,190,d
228,21022060,63,2022-06-01 17:36:00,1056,2022-06-01 18:18:00,1098,2555,other
228,21022060,63,2022-06-01 18:18:00,1098,2022-06-01 18:55:00,1135,2210,o
228,21022060,63,2022-06-01 18:55:00,1135,2022-06-01 19:41:00,1181,2732,other
228,21022060,63,2022-06-01 19:41:00,1181,2022-06-01 19:52:54,1192,714,d
228,21022075,64,2022-06-01 06:59:00,419,2022-06-01 07:17:00,437,1111,d
228,21022075,64,2022-06-01 07:17:00,437,2022-06-01 07:48:00,468,1838,other
228,21022075,64,2022-06-01 07:48:00,468,2022-06-01 08:28:00,508,2430,o
228,21022075,64,2022-06-01 08:28:00,508,2022-06-01 09:04:00,544,2130,other
228,21022075,64,2022-06-01 09:04:00,544,2022-06-01 09:06:00,546,132,d
228,21022075,64,2022-06-01 09:06:00,546,2022-06-01 09:36:00,576,1831,other
228,21022075,64,2022-06-01 09:36:00,576,2022-06-01 11:27:00,687,6602,o
228,21022075,64,2022-06-01 11:27:00,687,2022-06-01 12:09:00,729,2544,other
228,21022075,64,2022-06-01 12:09:00,729,2022-06-01 12:11:00,731,151,d
228,21022075,64,2022-06-01 12:11:00,731,2022-06-01 12:43:00,763,1874,other
228,21022075,64,2022-06-01 12:43:00,763,2022-06-01 13:52:00,832,4175,o
228,21022075,64,2022-06-01 13:52:00,832,2022-06-01 14:34:00,874,2498,other
228,21022075,64,2022-06-01 14:34:00,874,2022-06-01 14:36:00,876,131,d
228,21022075,64,2022-06-01 14:36:00,876,2022-06-01 15:09:00,909,1986,other
228,21022075,64,2022-06-01 15:09:00,909,2022-06-01 16:28:00,988,4707,o
228,21022075,64,2022-06-01 16:28:00,988,2022-06-01 17:08:00,1028,2398,other
228,21022075,64,2022-06-01 17:08:00,1028,2022-06-01 17:10:00,1030,140,d
228,21022075,64,2022-06-01 17:10:00,1030,2022-06-01 17:45:00,1065,2101,other
228,21022075,64,2022-06-01 17:45:00,1065,2022-06-01 18:49:00,1129,3866,o
228,21022075,64,2022-06-01 18:49:00,1129,2022-06-01 19:32:00,1172,2582,other
228,21022075,64,2022-06-01 19:32:00,1172,2022-06-01 19:46:00,1186,824,d
228,21022075,64,2022-06-01 19:46:00,1186,2022-06-01 20:16:00,1216,1794,other
228,21022075,64,2022-06-01 20:16:00,1216,2022-06-01 20:44:00,1244,1687,o
228,21022075,64,2022-06-01 20:44:00,1244,2022-06-01 21:25:00,1285,2479,other
228,21022075,64,2022-06-01 21:25:00,1285,2022-06-01 21:29:00,1289,240,d
228,21022152,65,2022-06-01 06:19:00,379,2022-06-01 06:42:00,402,1362,d
228,21022152,65,2022-06-01 06:42:00,402,2022-06-01 07:13:00,433,1847,other
228,21022152,65,2022-06-01 07:13:00,433,2022-06-01 07:54:00,474,2486,o
228,21022152,65,2022-06-01 07:54:00,474,2022-06-01 08:34:00,514,2399,other
228,21022152,65,2022-06-01 08:34:00,514,2022-06-01 08:37:00,517,161,d
228,21022152,65,2022-06-01 08:37:00,517,2022-06-01 09:04:00,544,1653,other
228,21022152,65,2022-06-01 09:04:00,544,2022-06-01 10:04:00,604,3607,o
228,21022152,65,2022-06-01 10:04:00,604,2022-06-01 10:41:00,641,2217,other
228,21022152,65,2022-06-01 10:41:00,641,2022-06-01 10:45:00,645,222,d
228,21022152,65,2022-06-01 10:45:00,645,2022-06-01 11:12:00,672,1613,other
228,21022152,65,2022-06-01 11:12:00,672,2022-06-01 12:05:00,725,3163,o
228,21022152,65,2022-06-01 12:05:00,725,2022-06-01 12:40:00,760,2097,other
228,21022152,65,2022-06-01 12:40:00,760,2022-06-01 12:42:00,762,120,d
228,21022152,65,2022-06-01 12:42:00,762,2022-06-01 13:12:00,792,1808,other
228,21022152,65,2022-06-01 13:12:00,792,2022-06-01 14:17:00,857,3936,o
228,21022152,65,2022-06-01 14:17:00,857,2022-06-01 14:56:00,896,2294,other
228,21022152,65,2022-06-01 14:56:00,896,2022-06-01 14:58:00,898,140,d
228,21022152,65,2022-06-01 14:58:00,898,2022-06-01 15:28:00,928,1803,other
228,21022152,65,2022-06-01 15:28:00,928,2022-06-01 16:35:00,995,4011,o
228,21022152,65,2022-06-01 16:35:00,995,2022-06-01 17:10:00,1030,2120,other
228,21022152,65,2022-06-01 17:10:00,1030,2022-06-01 17:13:12,1033,192,d
228,21022156,66,2022-06-01 07:05:00,425,2022-06-01 07:43:00,463,2238,o
228,21022156,66,2022-06-01 07:43:00,463,2022-06-01 08:31:00,511,2882,other
228,21022156,66,2022-06-01 08:31:00,511,2022-06-01 08:34:00,514,180,d
228,21022156,66,2022-06-01 08:34:00,514,2022-06-01 09:04:00,544,1850,other
228,21022156,66,2022-06-01 09:04:00,544,2022-06-01 10:39:00,639,5647,o
228,21022156,66,2022-06-01 10:39:00,639,2022-06-01 11:18:00,678,2360,other
228,21022156,66,2022-06-01 11:18:00,678,2022-06-01 11:20:00,680,150,d
228,21022156,66,2022-06-01 11:20:00,680,2022-06-01 11:55:00,715,2078,other
228,21022156,66,2022-06-01 11:55:00,715,2022-06-01 13:35:00,815,5989,o
228,21022156,66,2022-06-01 13:35:00,815,2022-06-01 14:14:00,854,2347,other
228,21022156,66,2022-06-01 14:14:00,854,2022-06-01 14:16:00,856,150,d
228,21022156,66,2022-06-01 14:16:00,856,2022-06-01 14:49:00,889,1931,other
228,21022156,66,2022-06-01 14:49:00,889,2022-06-01 16:05:00,965,4565,o
228,21022156,66,2022-06-01 16:05:00,965,2022-06-01 16:44:00,1004,2363,other
228,21022156,66,2022-06-01 16:44:00,1004,2022-06-01 16:47:00,1007,150,d
228,21022156,66,2022-06-01 16:47:00,1007,2022-06-01 17:20:00,1040,2014,other
228,21022156,66,2022-06-01 17:20:00,1040,2022-06-01 18:19:00,1099,3523,o
228,21022156,66,2022-06-01 18:19:00,1099,2022-06-01 18:58:00,1138,2347,other
228,21022156,66,2022-06-01 18:58:00,1138,2022-06-01 19:10:00,1150,713,d
228,21022156,66,2022-06-01 19:10:00,1150,2022-06-01 19:41:00,1181,1894,other
228,21022156,66,2022-06-01 19:41:00,1181,2022-06-01 20:04:00,1204,1377,o
228,21022156,66,2022-06-01 20:04:00,1204,2022-06-01 20:46:00,1246,2490,other
228,21022156,66,2022-06-01 20:46:00,1246,2022-06-01 21:02:00,1262,943,d
228,21022156,66,2022-06-01 21:02:00,1262,2022-06-01 21:33:54,1293,1914,other
228,21022158,67,2022-06-01 06:31:00,391,2022-06-01 06:45:00,405,806,o
228,21022158,67,2022-06-01 06:45:00,405,2022-06-01 07:22:00,442,2242,other
228,21022158,67,2022-06-01 07:22:00,442,2022-06-01 07:46:00,466,1424,d
228,21022158,67,2022-06-01 07:46:00,466,2022-06-01 08:16:00,496,1813,other
228,21022158,67,2022-06-01 08:16:00,496,2022-06-01 09:05:00,545,2923,o
228,21022158,67,2022-06-01 09:05:00,545,2022-06-01 10:19:00,619,4448,other
228,21022158,67,2022-06-01 10:19:00,619,2022-06-01 11:04:00,664,2713,o
228,21022158,67,2022-06-01 11:04:00,664,2022-06-01 11:42:00,702,2276,other
228,21022158,67,2022-06-01 11:42:00,702,2022-06-01 11:44:00,704,150,d
228,21022158,67,2022-06-01 11:44:00,704,2022-06-01 12:16:00,736,1903,other
228,21022158,67,2022-06-01 12:16:00,736,2022-06-01 13:16:00,796,3574,o
228,21022158,67,2022-06-01 13:16:00,796,2022-06-01 13:55:00,835,2334,other
228,21022158,67,2022-06-01 13:55:00,835,2022-06-01 13:58:00,838,200,d
228,21022158,67,2022-06-01 13:58:00,838,2022-06-01 14:32:00,872,2022,other
228,21022158,67,2022-06-01 14:32:00,872,2022-06-01 15:28:00,928,3363,o
228,21022158,67,2022-06-01 15:28:00,928,2022-06-01 16:05:00,965,2264,other
228,21022158,67,2022-06-01 16:05:00,965,2022-06-01 16:08:00,968,151,d
228,21022158,67,2022-06-01 16:08:00,968,2022-06-01 16:42:00,1002,2050,other
228,21022158,67,2022-06-01 16:42:00,1002,2022-06-01 17:52:00,1072,4172,o
228,21022158,67,2022-06-01 17:52:00,1072,2022-06-01 18:42:00,1122,3028,other
228,21022158,67,2022-06-01 18:42:00,1122,2022-06-01 18:45:00,1125,161,d
228,21022158,67,2022-06-01 18:45:00,1125,2022-06-01 19:16:11,1156,1871,other
228,21022169,68,2022-06-01 06:35:00,395,2022-06-01 06:56:00,416,1254,o
228,21022169,68,2022-06-01 06:56:00,416,2022-06-01 07:32:00,452,2144,other
228,21022169,68,2022-06-01 07:32:00,452,2022-06-01 07:51:00,471,1123,d
228,21022169,68,2022-06-01 07:51:00,471,2022-06-01 08:20:00,500,1785,other
228,21022169,68,2022-06-01 08:20:00,500,2022-06-01 09:28:00,568,4040,o
228,21022169,68,2022-06-01 09:28:00,568,2022-06-01 10:06:00,606,2292,other
228,21022169,68,2022-06-01 10:06:00,606,2022-06-01 10:09:00,609,170,d
228,21022169,68,2022-06-01 10:09:00,609,2022-06-01 10:38:00,638,1721,other
228,21022169,68,2022-06-01 10:38:00,638,2022-06-01 12:30:00,750,6748,o
228,21022169,68,2022-06-01 12:30:00,750,2022-06-01 13:04:00,784,2031,other
228,21022169,68,2022-06-01 13:04:00,784,2022-06-01 13:06:00,786,150,d
228,21022169,68,2022-06-01 13:06:00,786,2022-06-01 13:36:00,816,1760,other
228,21022169,68,2022-06-01 13:36:00,816,2022-06-01 14:52:00,892,4556,o
228,21022169,68,2022-06-01 14:52:00,892,2022-06-01 15:28:00,928,2157,other
228,21022169,68,2022-06-01 15:28:00,928,2022-06-01 15:30:00,930,140,d
228,21022169,68,2022-06-01 15:30:00,930,2022-06-01 16:00:00,960,1796,other
228,21022169,68,2022-06-01 16:00:00,960,2022-06-01 17:16:00,1036,4543,o
228,21022169,68,2022-06-01 17:16:00,1036,2022-06-01 18:02:00,1082,2797,other
228,21022169,68,2022-06-01 18:02:00,1082,2022-06-01 18:06:00,1086,210,d
228,21022169,68,2022-06-01 18:06:00,1086,2022-06-01 18:38:00,1118,1969,other
228,21022169,68,2022-06-01 18:38:00,1118,2022-06-01 19:18:00,1158,2382,o
228,21022169,68,2022-06-01 19:18:00,1158,2022-06-01 19:54:00,1194,2161,other
228,21022169,68,2022-06-01 19:54:00,1194,2022-06-01 20:16:00,1216,1302,d
228,21022169,68,2022-06-01 20:16:00,1216,2022-06-01 20:45:19,1245,1759,other
228,21022181,69,2022-06-01 07:26:00,446,2022-06-01 07:42:00,462,921,d
228,21022181,69,2022-06-01 07:42:00,462,2022-06-01 08:12:00,492,1840,other
228,21022181,69,2022-06-01 08:12:00,492,2022-06-01 08:51:00,531,2337,o
228,21022181,69,2022-06-01 08:51:00,531,2022-06-01 09:34:00,574,2578,other
228,21022181,69,2022-06-01 09:34:00,574,2022-06-01 09:36:00,576,141,d
228,21022181,69,2022-06-01 09:36:00,576,2022-06-01 10:08:00,608,1877,other
228,21022181,69,2022-06-01 10:08:00,608,2022-06-01 11:52:00,712,6225,o
228,21022181,69,2022-06-01 11:52:00,712,2022-06-01 12:29:00,749,2266,other
228,21022181,69,2022-06-01 12:29:00,749,2022-06-01 12:31:00,751,120,d
228,21022181,69,2022-06-01 12:31:00,751,2022-06-01 13:01:00,781,1787,other
228,21022181,69,2022-06-01 13:01:00,781,2022-06-01 14:40:00,880,5942,o
228,21022181,69,2022-06-01 14:40:00,880,2022-06-01 15:14:00,914,2035,other
228,21022181,69,2022-06-01 15:14:00,914,2022-06-01 15:17:00,917,161,d
228,21022181,69,2022-06-01 15:17:00,917,2022-06-01 15:47:00,947,1790,other
228,21022181,69,2022-06-01 15:47:00,947,2022-06-01 17:04:00,1024,4646,o
228,21022181,69,2022-06-01 17:04:00,1024,2022-06-01 17:51:00,1071,2797,other
228,21022181,69,2022-06-01 17:51:00,1071,2022-06-01 17:54:00,1074,210,d
228,21022181,69,2022-06-01 17:54:00,1074,2022-06-01 18:26:00,1106,1942,other
228,21022181,69,2022-06-01 18:26:00,1106,2022-06-01 19:03:00,1143,2191,o
228,21022181,69,2022-06-01 19:03:00,1143,2022-06-01 19:44:00,1184,2450,other
228,21022181,69,2022-06-01 19:44:00,1184,2022-06-01 20:01:00,1201,1036,d
228,21022181,69,2022-06-01 20:01:00,1201,2022-06-01 20:32:00,1232,1842,other
228,21022181,69,2022-06-01 20:32:00,1232,2022-06-01 21:03:00,1263,1887,o
228,21022181,69,2022-06-01 21:03:00,1263,2022-06-01 21:37:00,1297,2056,other
228,21022181,69,2022-06-01 21:37:00,1297,2022-06-01 21:38:51,1298,111,d
228,21022193,70,2022-06-01 07:24:00,444,2022-06-01 07:34:00,454,584,o
228,21022193,70,2022-06-01 07:34:00,454,2022-06-01 08:16:00,496,2564,other
228,21022193,70,2022-06-01 08:16:00,496,2022-06-01 08:19:00,499,151,d
228,21022193,70,2022-06-01 08:19:00,499,2022-06-01 08:57:00,537,2274,other
228,21022193,70,2022-06-01 08:57:00,537,2022-06-01 10:29:00,629,5530,o
228,21022193,70,2022-06-01 10:29:00,629,2022-06-01 11:11:00,671,2533,other
228,21022193,70,2022-06-01 11:11:00,671,2022-06-01 11:14:00,674,151,d
228,21022193,70,2022-06-01 11:14:00,674,2022-06-01 11:42:00,702,1719,other
228,21022193,70,2022-06-01 11:42:00,702,2022-06-01 13:04:00,784,4918,o
228,21022193,70,2022-06-01 13:04:00,784,2022-06-01 13:42:00,822,2289,other
228,21022193,70,2022-06-01 13:42:00,822,2022-06-01 13:45:00,825,180,d
228,21022193,70,2022-06-01 13:45:00,825,2022-06-01 14:22:00,862,2173,other
228,21022193,70,2022-06-01 14:22:00,862,2022-06-01 15:39:00,939,4675,o
228,21022193,70,2022-06-01 15:39:00,939,2022-06-01 16:16:00,976,2177,other
228,21022193,70,2022-06-01 16:16:00,976,2022-06-01 16:21:00,981,311,d
228,21022193,70,2022-06-01 16:21:00,981,2022-06-01 16:55:00,1015,2034,other
228,21022193,70,2022-06-01 16:55:00,1015,2022-06-01 18:03:00,1083,4106,o
228,21022193,70,2022-06-01 18:03:00,1083,2022-06-01 18:44:00,1124,2447,other
228,21022193,70,2022-06-01 18:44:00,1124,2022-06-01 18:58:00,1138,863,d
228,21022193,70,2022-06-01 18:58:00,1138,2022-06-01 19:28:00,1168,1789,other
228,21022193,70,2022-06-01 19:28:00,1168,2022-06-01 19:49:00,1189,1248,o
228,21022193,70,2022-06-01 19:49:00,1189,2022-06-01 20:31:00,1231,2519,other
228,21022193,70,2022-06-01 20:31:00,1231,2022-06-01 20:47:00,1247,952,d
228,21022193,70,2022-06-01 20:47:00,1247,2022-06-01 21:20:18,1280,1998,other
228,21022202,71,2022-06-01 06:43:00,403,2022-06-01 07:18:00,438,2061,o
228,21022202,71,2022-06-01 07:18:00,438,2022-06-01 07:54:00,474,2201,other
228,21022202,71,2022-06-01 07:54:00,474,2022-06-01 08:01:00,481,411,d
228,21022202,71,2022-06-01 08:01:00,481,2022-06-01 08:36:00,516,2083,other
228,21022202,71,2022-06-01 08:36:00,516,2022-06-01 09:39:00,579,3799,o
228,21022202,71,2022-06-01 09:39:00,579,2022-06-01 10:23:00,623,2639,other
228,21022202,71,2022-06-01 10:23:00,623,2022-06-01 10:25:00,625,141,d
228,21022202,71,2022-06-01 10:25:00,625,2022-06-01 10:56:00,656,1828,other
228,21022202,71,2022-06-01 10:56:00,656,2022-06-01 12:39:00,759,6198,o
228,21022202,71,2022-06-01 12:39:00,759,2022-06-01 13:16:00,796,2201,other
228,21022202,71,2022-06-01 13:16:00,796,2022-06-01 13:22:00,802,383,d
228,21022202,71,2022-06-01 13:22:00,802,2022-06-01 13:55:00,835,1958,other
228,21022202,71,2022-06-01 13:55:00,835,2022-06-01 15:05:00,905,4193,o
228,21022202,71,2022-06-01 15:05:00,905,2022-06-01 15:42:00,942,2250,other
228,21022202,71,2022-06-01 15:42:00,942,2022-06-01 15:45:00,945,170,d
228,21022202,71,2022-06-01 15:45:00,945,2022-06-01 16:19:00,979,2024,other
228,21022202,71,2022-06-01 16:19:00,979,2022-06-01 17:27:00,1047,4086,o
228,21022202,71,2022-06-01 17:27:00,1047,2022-06-01 18:16:00,1096,2919,other
228,21022202,71,2022-06-01 18:16:00,1096,2022-06-01 18:19:00,1099,180,d
228,21022202,71,2022-06-01 18:19:00,1099,2022-06-01 18:52:00,1132,2000,other
228,21022202,71,2022-06-01 18:52:00,1132,2022-06-01 19:33:00,1173,2473,o
228,21022202,71,2022-06-01 19:33:00,1173,2022-06-01 20:10:00,1210,2195,other
228,21022202,71,2022-06-01 20:10:00,1210,2022-06-01 20:31:00,1231,1273,d
228,21022202,71,2022-06-01 20:31:00,1231,2022-06-01 21:00:55,1260,1795,other
228,21022208,72,2022-06-01 06:35:00,395,2022-06-01 06:53:00,413,1084,d
228,21022208,72,2022-06-01 06:53:00,413,2022-06-01 07:20:00,440,1607,other
228,21022208,72,2022-06-01 07:20:00,440,2022-06-01 08:04:00,484,2601,o
228,21022208,72,2022-06-01 08:04:00,484,2022-06-01 09:24:00,564,4806,other
228,21022208,72,2022-06-01 09:24:00,564,2022-06-01 10:52:00,652,5293,o
228,21022208,72,2022-06-01 10:52:00,652,2022-06-01 11:34:00,694,2532,other
228,21022208,72,2022-06-01 11:34:00,694,2022-06-01 11:37:00,697,150,d
228,21022208,72,2022-06-01 11:37:00,697,2022-06-01 12:08:00,728,1882,other
228,21022208,72,2022-06-01 12:08:00,728,2022-06-01 13:39:00,819,5458,o
228,21022208,72,2022-06-01 13:39:00,819,2022-06-01 14:18:00,858,2328,other
228,21022208,72,2022-06-01 14:18:00,858,2022-06-01 14:20:00,860,130,d
228,21022208,72,2022-06-01 14:20:00,860,2022-06-01 14:54:00,894,2018,other
228,21022208,72,2022-06-01 14:54:00,894,2022-06-01 16:16:00,976,4947,o
228,21022208,72,2022-06-01 16:16:00,976,2022-06-01 16:51:00,1011,2094,other
228,21022208,72,2022-06-01 16:51:00,1011,2022-06-01 16:53:00,1013,130,d
228,21022208,72,2022-06-01 16:53:00,1013,2022-06-01 17:24:00,1044,1859,other
228,21022208,72,2022-06-01 17:24:00,1044,2022-06-01 18:34:00,1114,4186,o
228,21022208,72,2022-06-01 18:34:00,1114,2022-06-01 19:18:00,1158,2630,other
228,21022208,72,2022-06-01 19:18:00,1158,2022-06-01 19:26:00,1166,494,d
228,21022208,72,2022-06-01 19:26:00,1166,2022-06-01 19:57:00,1197,1895,other
228,21022208,72,2022-06-01 19:57:00,1197,2022-06-01 20:23:00,1223,1542,o
228,21022208,72,2022-06-01 20:23:00,1223,2022-06-01 21:06:00,1266,2555,other
228,21022208,72,2022-06-01 21:06:00,1266,2022-06-01 21:08:52,1268,172,d
228,21022403,73,2022-06-01 07:08:00,428,2022-06-01 07:27:00,447,1150,o
228,21022403,73,2022-06-01 07:27:00,447,2022-06-01 08:09:00,489,2512,other
228,21022403,73,2022-06-01 08:09:00,489,2022-06-01 08:13:00,493,241,d
228,21022403,73,2022-06-01 08:13:00,493,2022-06-01 08:48:00,528,2143,other
228,21022403,73,2022-06-01 08:48:00,528,2022-06-01 11:41:00,701,10329,o
228,21022403,73,2022-06-01 11:41:00,701,2022-06-01 13:07:00,787,5178,other
228,21022403,73,2022-06-01 13:07:00,787,2022-06-01 15:17:00,917,7780,o
228,21022403,73,2022-06-01 15:17:00,917,2022-06-01 15:54:00,954,2233,other
228,21022403,73,2022-06-01 15:54:00,954,2022-06-01 15:56:00,956,162,d
228,21022403,73,2022-06-01 15:56:00,956,2022-06-01 16:29:00,989,1972,other
228,21022403,73,2022-06-01 16:29:00,989,2022-06-01 17:40:00,1060,4249,o
228,21022403,73,2022-06-01 17:40:00,1060,2022-06-01 18:28:00,1108,2887,other
228,21022403,73,2022-06-01 18:28:00,1108,2022-06-01 18:33:00,1113,291,d
228,21022403,73,2022-06-01 18:33:00,1113,2022-06-01 19:03:42,1143,1842,other
228,21022435,74,2022-06-01 06:58:00,418,2022-06-01 07:29:00,449,1898,d
228,21022435,74,2022-06-01 07:29:00,449,2022-06-01 08:00:00,480,1841,other
228,21022435,74,2022-06-01 08:00:00,480,2022-06-01 08:40:00,520,2408,o
228,21022435,74,2022-06-01 08:40:00,520,2022-06-01 09:24:00,564,2654,other
228,21022435,74,2022-06-01 09:24:00,564,2022-06-01 09:28:00,568,191,d
228,21022435,74,2022-06-01 09:28:00,568,2022-06-01 10:03:00,603,2142,other
228,21022435,74,2022-06-01 10:03:00,603,2022-06-01 11:42:00,702,5915,o
228,21022435,74,2022-06-01 11:42:00,702,2022-06-01 12:19:00,739,2223,other
228,21022435,74,2022-06-01 12:19:00,739,2022-06-01 12:21:00,741,130,d
228,21022435,74,2022-06-01 12:21:00,741,2022-06-01 12:51:00,771,1780,other
228,21022435,74,2022-06-01 12:51:00,771,2022-06-01 14:06:00,846,4501,o
228,21022435,74,2022-06-01 14:06:00,846,2022-06-01 14:46:00,886,2400,other
228,21022435,74,2022-06-01 14:46:00,886,2022-06-01 14:48:00,888,150,d
228,21022435,74,2022-06-01 14:48:00,888,2022-06-01 15:20:00,920,1890,other
228,21022435,74,2022-06-01 15:20:00,920,2022-06-01 16:41:00,1001,4872,o
228,21022435,74,2022-06-01 16:41:00,1001,2022-06-01 17:26:00,1046,2691,other
228,21022435,74,2022-06-01 17:26:00,1046,2022-06-01 17:28:00,1048,130,d
228,21022435,74,2022-06-01 17:28:00,1048,2022-06-01 18:01:00,1081,1996,other
228,21022435,74,2022-06-01 18:01:00,1081,2022-06-01 18:40:00,1120,2321,o
228,21022435,74,2022-06-01 18:40:00,1120,2022-06-01 19:19:00,1159,2336,other
228,21022435,74,2022-06-01 19:19:00,1159,2022-06-01 19:31:12,1171,732,d
228,21025184,75,2022-06-01 10:41:00,641,2022-06-01 11:09:00,669,1700,other
228,21025184,75,2022-06-01 11:09:00,669,2022-06-01 12:53:00,773,6207,o
228,21025184,75,2022-06-01 12:53:00,773,2022-06-01 13:32:00,812,2356,other
228,21025184,75,2022-06-01 13:32:00,812,2022-06-01 13:34:00,814,140,d
228,21025184,75,2022-06-01 13:34:00,814,2022-06-01 14:07:24,847,2004,other
228,21028126,76,2022-06-01 05:03:00,303,2022-06-01 07:07:00,427,7467,o
228,21028126,76,2022-06-01 07:07:00,427,2022-06-01 07:44:00,464,2214,other
228,21028126,76,2022-06-01 07:44:00,464,2022-06-01 07:57:00,477,754,d
228,21028126,76,2022-06-01 07:57:00,477,2022-06-01 08:32:00,512,2151,other
228,21028126,76,2022-06-01 08:32:00,512,2022-06-01 09:17:00,557,2663,o
228,21028126,76,2022-06-01 09:17:00,557,2022-06-01 09:55:00,595,2321,other
228,21028126,76,2022-06-01 09:55:00,595,2022-06-01 09:59:00,599,211,d
228,21028126,76,2022-06-01 09:59:00,599,2022-06-01 10:32:00,632,1998,other
228,21028126,76,2022-06-01 10:32:00,632,2022-06-01 11:16:00,676,2593,o
228,21028126,76,2022-06-01 11:16:00,676,2022-06-01 11:54:00,714,2339,other
228,21028126,76,2022-06-01 11:54:00,714,2022-06-01 11:57:00,717,171,d
228,21028126,76,2022-06-01 11:57:00,717,2022-06-01 12:30:00,750,1941,other
228,21028126,76,2022-06-01 12:30:00,750,2022-06-01 15:52:00,952,12109,o
228,21028126,76,2022-06-01 15:52:00,952,2022-06-01 16:31:00,991,2351,other
228,21028126,76,2022-06-01 16:31:00,991,2022-06-01 16:33:22,993,142,d
