line,bus_id,time,round_time,duration,status
37,21022107,2022-06-01 06:14:44,2022-06-01 06:15:00,375,o
37,21022107,2022-06-01 06:20:59,2022-06-01 06:21:00,3403,other
37,21022107,2022-06-01 07:17:42,2022-06-01 07:18:00,582,d
37,21022107,2022-06-01 07:27:24,2022-06-01 07:27:00,4164,other
37,21022107,2022-06-01 08:36:48,2022-06-01 08:37:00,1274,o
37,21022107,2022-06-01 08:58:02,2022-06-01 08:58:00,4364,other
37,21022107,2022-06-01 10:10:46,2022-06-01 10:11:00,651,d
37,21022107,2022-06-01 10:21:37,2022-06-01 10:22:00,4127,other
37,21022107,2022-06-01 11:30:24,2022-06-01 11:30:00,3681,o
37,21022107,2022-06-01 12:31:45,2022-06-01 12:32:00,3627,other
37,21022107,2022-06-01 13:32:12,2022-06-01 13:32:00,370,d
37,21022107,2022-06-01 13:38:22,2022-06-01 13:38:00,3380,other
37,21022107,2022-06-01 14:34:42,2022-06-01 14:35:00,7382,o
37,21022107,2022-06-01 16:37:44,2022-06-01 16:38:00,3876,other
37,21022107,2022-06-01 17:42:20,2022-06-01 17:42:00,545,d
37,21022107,2022-06-01 17:51:25,2022-06-01 17:51:00,4634,other
37,21022211,2022-06-01 06:48:59,2022-06-01 06:49:00,1015,o
37,21022211,2022-06-01 07:05:54,2022-06-01 07:06:00,3581,other
37,21022211,2022-06-01 08:05:35,2022-06-01 08:06:00,630,d
37,21022211,2022-06-01 08:16:05,2022-06-01 08:16:00,3888,other
37,21022211,2022-06-01 09:20:53,2022-06-01 09:21:00,2430,o
37,21022211,2022-06-01 10:01:23,2022-06-01 10:01:00,3572,other
37,21022211,2022-06-01 11:00:55,2022-06-01 11:01:00,352,d
37,21022211,2022-06-01 11:06:47,2022-06-01 11:07:00,3676,other
37,21022211,2022-06-01 12:08:03,2022-06-01 12:08:00,10432,o
37,21022211,2022-06-01 15:01:55,2022-06-01 15:02:00,3915,other
37,21022211,2022-06-01 16:07:10,2022-06-01 16:07:00,271,d
37,21022211,2022-06-01 16:11:41,2022-06-01 16:12:00,3896,other
37,21022317,2022-06-01 06:26:19,2022-06-01 06:26:00,1236,d
37,21022317,2022-06-01 06:46:55,2022-06-01 06:47:00,3732,other
37,21022317,2022-06-01 07:49:07,2022-06-01 07:49:00,1714,o
37,21022317,2022-06-01 08:17:41,2022-06-01 08:18:00,4233,other
37,21022317,2022-06-01 09:28:14,2022-06-01 09:28:00,544,d
37,21022317,2022-06-01 09:37:18,2022-06-01 09:37:00,3943,other
37,21022317,2022-06-01 10:43:01,2022-06-01 10:43:00,8341,o
37,21022317,2022-06-01 13:02:02,2022-06-01 13:02:00,3910,other
37,21022317,2022-06-01 14:07:12,2022-06-01 14:07:00,440,d
37,21022317,2022-06-01 14:14:32,2022-06-01 14:15:00,3617,other
37,21022317,2022-06-01 15:14:49,2022-06-01 15:15:00,7050,o
37,21022317,2022-06-01 17:12:19,2022-06-01 17:12:00,4633,other
37,21022317,2022-06-01 18:29:32,2022-06-01 18:30:00,230,d
37,21022361,2022-06-01 06:41:19,2022-06-01 06:41:00,2191,o
37,21022361,2022-06-01 07:17:50,2022-06-01 07:18:00,3968,other
37,21022361,2022-06-01 08:23:58,2022-06-01 08:24:00,421,d
37,21022361,2022-06-01 08:30:59,2022-06-01 08:31:00,4379,other
37,21022361,2022-06-01 09:43:58,2022-06-01 09:44:00,5874,o
37,21022361,2022-06-01 11:21:52,2022-06-01 11:22:00,3855,other
37,21022361,2022-06-01 12:26:07,2022-06-01 12:26:00,271,d
37,21022361,2022-06-01 12:30:38,2022-06-01 12:31:00,3762,other
37,21022361,2022-06-01 13:33:20,2022-06-01 13:33:00,4714,o
37,21022361,2022-06-01 14:51:54,2022-06-01 14:52:00,3783,other
37,21022361,2022-06-01 15:54:57,2022-06-01 15:55:00,502,d
37,21022361,2022-06-01 16:03:19,2022-06-01 16:03:00,3932,other
37,21022361,2022-06-01 17:08:51,2022-06-01 17:09:00,4377,o
37,21022361,2022-06-01 18:21:48,2022-06-01 18:22:00,4009,other
37,21022361,2022-06-01 19:28:37,2022-06-01 19:29:00,411,d
37,21022361,2022-06-01 19:35:28,2022-06-01 19:35:00,3864,other
37,21022399,2022-06-01 06:41:06,2022-06-01 06:41:00,2246,d
37,21022399,2022-06-01 07:18:32,2022-06-01 07:19:00,3984,other
37,21022399,2022-06-01 08:24:56,2022-06-01 08:25:00,2226,o
37,21022399,2022-06-01 09:02:02,2022-06-01 09:02:00,4284,other
37,21022399,2022-06-01 10:13:26,2022-06-01 10:13:00,462,d
37,21022486,2022-06-01 07:09:08,2022-06-01 07:09:00,2211,o
37,21022486,2022-06-01 07:45:59,2022-06-01 07:46:00,4303,other
37,21022486,2022-06-01 08:57:42,2022-06-01 08:58:00,411,d
37,21022486,2022-06-01 09:04:33,2022-06-01 09:05:00,4131,other
37,21022486,2022-06-01 10:13:24,2022-06-01 10:13:00,21180,o
37,21022486,2022-06-01 16:06:24,2022-06-01 16:06:00,3893,other
37,21022486,2022-06-01 17:11:17,2022-06-01 17:11:00,573,d
37,21022486,2022-06-01 17:20:50,2022-06-01 17:21:00,4261,other
37,21022486,2022-06-01 18:31:51,2022-06-01 18:32:00,4516,o
37,21022486,2022-06-01 19:47:07,2022-06-01 19:47:00,3670,other
37,21022486,2022-06-01 20:48:17,2022-06-01 20:48:00,332,d
37,21022486,2022-06-01 20:53:49,2022-06-01 20:54:00,3811,other
37,21022489,2022-06-01 06:48:00,2022-06-01 06:48:00,1374,d
37,21022489,2022-06-01 07:10:54,2022-06-01 07:11:00,3722,other
37,21022489,2022-06-01 08:12:56,2022-06-01 08:13:00,1287,o
37,21022489,2022-06-01 08:34:23,2022-06-01 08:34:00,3894,other
37,21022489,2022-06-01 09:39:17,2022-06-01 09:39:00,481,d
37,21022489,2022-06-01 09:47:18,2022-06-01 09:47:00,3794,other
37,21022489,2022-06-01 10:50:32,2022-06-01 10:51:00,4893,o
37,21022489,2022-06-01 12:12:05,2022-06-01 12:12:00,3575,other
37,21022489,2022-06-01 13:11:40,2022-06-01 13:12:00,552,d
37,21022489,2022-06-01 13:20:52,2022-06-01 13:21:00,3644,other
37,21022489,2022-06-01 14:21:36,2022-06-01 14:22:00,12512,o
37,21022489,2022-06-01 17:50:08,2022-06-01 17:50:00,4353,other
37,21022489,2022-06-01 19:02:41,2022-06-01 19:03:00,80,d
37,21022493,2022-06-01 16:05:50,2022-06-01 16:06:00,1047,o
37,21022493,2022-06-01 16:23:17,2022-06-01 16:23:00,3435,other
37,21022493,2022-06-01 17:20:32,2022-06-01 17:21:00,711,d
37,21022493,2022-06-01 17:32:23,2022-06-01 17:32:00,4056,other
37,21022495,2022-06-01 06:55:18,2022-06-01 06:55:00,1797,o
37,21022495,2022-06-01 07:25:15,2022-06-01 07:25:00,4452,other
37,21022495,2022-06-01 08:39:27,2022-06-01 08:39:00,511,d
37,21022495,2022-06-01 08:47:58,2022-06-01 08:48:00,4472,other
37,21022495,2022-06-01 10:02:30,2022-06-01 10:02:00,20807,o
37,21022495,2022-06-01 15:49:17,2022-06-01 15:49:00,3564,other
37,21022495,2022-06-01 16:48:41,2022-06-01 16:49:00,471,d
37,21022495,2022-06-01 16:56:32,2022-06-01 16:57:00,4190,other
37,21022495,2022-06-01 18:06:22,2022-06-01 18:06:00,5098,o
37,21022495,2022-06-01 19:31:20,2022-06-01 19:31:00,3743,other
37,21022495,2022-06-01 20:33:43,2022-06-01 20:34:00,323,d
37,21022495,2022-06-01 20:39:06,2022-06-01 20:39:00,3891,other
37,21022497,2022-06-01 06:41:19,2022-06-01 06:41:00,1287,d
37,21022497,2022-06-01 07:02:46,2022-06-01 07:03:00,3516,other
37,21022497,2022-06-01 08:01:22,2022-06-01 08:01:00,1456,o
37,21022497,2022-06-01 08:25:38,2022-06-01 08:26:00,4118,other
37,21022497,2022-06-01 09:34:16,2022-06-01 09:34:00,442,d
37,21022497,2022-06-01 09:41:38,2022-06-01 09:42:00,3823,other
37,21022497,2022-06-01 10:45:21,2022-06-01 10:45:00,4589,o
37,21022497,2022-06-01 12:01:50,2022-06-01 12:02:00,4027,other
37,21022497,2022-06-01 13:08:57,2022-06-01 13:09:00,511,d
37,21022497,2022-06-01 13:17:28,2022-06-01 13:17:00,3816,other
37,21022497,2022-06-01 14:21:04,2022-06-01 14:21:00,11693,o
37,21022497,2022-06-01 17:35:57,2022-06-01 17:36:00,6073,other
37,21022503,2022-06-01 06:59:14,2022-06-01 06:59:00,882,o
37,21022503,2022-06-01 07:13:56,2022-06-01 07:14:00,3952,other
37,21022503,2022-06-01 08:19:48,2022-06-01 08:20:00,493,d
37,21022503,2022-06-01 08:28:01,2022-06-01 08:28:00,4074,other
37,21022503,2022-06-01 09:35:55,2022-06-01 09:36:00,5374,o
37,21022503,2022-06-01 11:05:29,2022-06-01 11:05:00,3654,other
37,21022503,2022-06-01 12:06:23,2022-06-01 12:06:00,672,d
37,21022503,2022-06-01 12:17:35,2022-06-01 12:18:00,3739,other
37,21022503,2022-06-01 13:19:54,2022-06-01 13:20:00,12356,o
37,21022503,2022-06-01 16:45:50,2022-06-01 16:46:00,3922,other
37,21022503,2022-06-01 17:51:12,2022-06-01 17:51:00,370,d
37,21022503,2022-06-01 17:57:22,2022-06-01 17:57:00,4021,other
37,21022503,2022-06-01 19:04:23,2022-06-01 19:04:00,5225,o
37,21022503,2022-06-01 20:31:28,2022-06-01 20:31:00,3847,other
37,21022503,2022-06-01 21:35:35,2022-06-01 21:36:00,350,d
37,21022503,2022-06-01 21:41:25,2022-06-01 21:41:00,3503,other
37,21022504,2022-06-01 06:50:53,2022-06-01 06:51:00,13392,o
37,21022504,2022-06-01 10:34:05,2022-06-01 10:34:00,3884,other
37,21022504,2022-06-01 11:38:49,2022-06-01 11:39:00,542,d
37,21022504,2022-06-01 11:47:51,2022-06-01 11:48:00,4244,other
37,21022509,2022-06-01 07:32:07,2022-06-01 07:32:00,1296,o
37,21022509,2022-06-01 07:53:43,2022-06-01 07:54:00,4538,other
37,21022509,2022-06-01 09:09:21,2022-06-01 09:09:00,250,d
37,21022509,2022-06-01 09:13:31,2022-06-01 09:14:00,4221,other
37,21022509,2022-06-01 10:23:52,2022-06-01 10:24:00,722,o
37,21022509,2022-06-01 10:35:54,2022-06-01 10:36:00,4588,other
37,21022509,2022-06-01 11:52:22,2022-06-01 11:52:00,22896,o
37,21022509,2022-06-01 18:13:58,2022-06-01 18:14:00,4011,other
37,21022509,2022-06-01 19:20:49,2022-06-01 19:21:00,532,d
37,21022509,2022-06-01 19:29:41,2022-06-01 19:30:00,4055,other
37,21022511,2022-06-01 06:11:02,2022-06-01 06:11:00,1655,d
37,21022511,2022-06-01 06:38:37,2022-06-01 06:39:00,3512,other
37,21022511,2022-06-01 07:37:09,2022-06-01 07:37:00,1494,o
37,21022511,2022-06-01 08:02:03,2022-06-01 08:02:00,4688,other
37,21022511,2022-06-01 09:20:11,2022-06-01 09:20:00,423,d
37,21022511,2022-06-01 09:27:14,2022-06-01 09:27:00,3727,other
37,21022511,2022-06-01 10:29:21,2022-06-01 10:29:00,4365,o
37,21022511,2022-06-01 11:42:06,2022-06-01 11:42:00,3834,other
37,21022511,2022-06-01 12:46:00,2022-06-01 12:46:00,474,d
37,21022511,2022-06-01 12:53:54,2022-06-01 12:54:00,3814,other
37,21022511,2022-06-01 13:57:28,2022-06-01 13:57:00,10961,o
37,21022511,2022-06-01 17:00:09,2022-06-01 17:00:00,4239,other
37,21022511,2022-06-01 18:10:48,2022-06-01 18:11:00,471,d
37,21022596,2022-06-01 09:51:17,2022-06-01 09:51:00,1123,o
37,21022596,2022-06-01 10:10:00,2022-06-01 10:10:00,3764,other
37,21022596,2022-06-01 11:12:44,2022-06-01 11:13:00,320,d
37,21022596,2022-06-01 11:18:04,2022-06-01 11:18:00,3950,other
37,21022596,2022-06-01 12:23:54,2022-06-01 12:24:00,5257,o
37,21022596,2022-06-01 13:51:31,2022-06-01 13:52:00,3980,other
37,21022596,2022-06-01 14:57:51,2022-06-01 14:58:00,441,d
37,21022596,2022-06-01 15:05:12,2022-06-01 15:05:00,3760,other
37,21022596,2022-06-01 16:07:52,2022-06-01 16:08:00,2771,o
37,21022596,2022-06-01 16:54:03,2022-06-01 16:54:00,3866,other
37,21022596,2022-06-01 17:58:29,2022-06-01 17:58:00,624,d
37,21022596,2022-06-01 18:08:53,2022-06-01 18:09:00,4105,other
37,21022599,2022-06-01 07:05:01,2022-06-01 07:05:00,12058,o
37,21022599,2022-06-01 10:25:59,2022-06-01 10:26:00,3828,other
37,21022599,2022-06-01 11:29:47,2022-06-01 11:30:00,561,d
37,21022599,2022-06-01 11:39:08,2022-06-01 11:39:00,3956,other
37,21022599,2022-06-01 12:45:04,2022-06-01 12:45:00,5208,o
37,21022599,2022-06-01 14:11:52,2022-06-01 14:12:00,3891,other
37,21022599,2022-06-01 15:16:43,2022-06-01 15:17:00,332,d
37,21022599,2022-06-01 15:22:15,2022-06-01 15:22:00,3855,other
37,21022599,2022-06-01 16:26:30,2022-06-01 16:26:00,5976,o
37,21022599,2022-06-01 18:06:06,2022-06-01 18:06:00,4115,other
37,21022599,2022-06-01 19:14:41,2022-06-01 19:15:00,522,d
37,21022599,2022-06-01 19:23:23,2022-06-01 19:23:00,3486,other
37,21027406,2022-06-01 08:59:57,2022-06-01 09:00:00,874,o
37,21027406,2022-06-01 09:14:31,2022-06-01 09:15:00,3834,other
37,21027406,2022-06-01 10:18:25,2022-06-01 10:18:00,923,d
37,21027406,2022-06-01 10:33:48,2022-06-01 10:34:00,3890,other
37,21027406,2022-06-01 11:38:38,2022-06-01 11:39:00,4414,o
37,21027406,2022-06-01 12:52:12,2022-06-01 12:52:00,3884,other
37,21027406,2022-06-01 13:56:56,2022-06-01 13:57:00,673,d
37,21027406,2022-06-01 14:08:09,2022-06-01 14:08:00,3664,other
37,21027430,2022-06-01 00:00:02,2022-06-01 00:00:00,28688,o
37,21027430,2022-06-01 07:58:10,2022-06-01 07:58:00,4503,other
37,21027430,2022-06-01 09:13:13,2022-06-01 09:13:00,270,d
37,21027430,2022-06-01 09:17:43,2022-06-01 09:18:00,4145,other
37,21027430,2022-06-01 10:26:48,2022-06-01 10:27:00,2834,o
37,21027430,2022-06-01 11:14:02,2022-06-01 11:14:00,3818,other
37,21027430,2022-06-01 12:17:40,2022-06-01 12:18:00,541,d
37,21027430,2022-06-01 12:26:41,2022-06-01 12:27:00,3827,other
37,21027430,2022-06-01 13:30:28,2022-06-01 13:30:00,10762,o
37,21027430,2022-06-01 16:29:50,2022-06-01 16:30:00,3779,other
37,21027430,2022-06-01 17:32:49,2022-06-01 17:33:00,582,d
37,21027430,2022-06-01 17:42:31,2022-06-01 17:43:00,4675,other
37,21027430,2022-06-01 19:00:26,2022-06-01 19:00:00,4664,o
37,21027430,2022-06-01 20:18:10,2022-06-01 20:18:00,4015,other
37,21027430,2022-06-01 21:25:05,2022-06-01 21:25:00,471,d
37,21027430,2022-06-01 21:32:56,2022-06-01 21:33:00,3552,other
37,21027438,2022-06-01 00:13:32,2022-06-01 00:14:00,26409,o
37,21027438,2022-06-01 07:33:41,2022-06-01 07:34:00,4191,other
37,21027438,2022-06-01 08:43:32,2022-06-01 08:44:00,613,d
37,21027438,2022-06-01 08:53:45,2022-06-01 08:54:00,4437,other
37,21027438,2022-06-01 10:07:42,2022-06-01 10:08:00,773,o
37,21027438,2022-06-01 10:20:35,2022-06-01 10:21:00,4002,other
37,21027438,2022-06-01 11:27:17,2022-06-01 11:27:00,322,d
37,21027438,2022-06-01 11:32:39,2022-06-01 11:33:00,3880,other
37,21027438,2022-06-01 12:37:19,2022-06-01 12:37:00,9277,o
37,21027438,2022-06-01 15:11:56,2022-06-01 15:12:00,3677,other
37,21027438,2022-06-01 16:13:13,2022-06-01 16:13:00,273,d
37,21027438,2022-06-01 16:17:46,2022-06-01 16:18:00,4063,other
37,21027438,2022-06-01 17:25:29,2022-06-01 17:25:00,4890,o
37,21027438,2022-06-01 18:46:59,2022-06-01 18:47:00,4022,other
37,21027438,2022-06-01 19:54:01,2022-06-01 19:54:00,313,d
37,21027438,2022-06-01 19:59:14,2022-06-01 19:59:00,4038,other
37,21027525,2022-06-01 00:25:36,2022-06-01 00:26:00,25950,o
37,21027525,2022-06-01 07:38:06,2022-06-01 07:38:00,4085,other
37,21027525,2022-06-01 08:46:11,2022-06-01 08:46:00,552,d
37,21027525,2022-06-01 08:55:23,2022-06-01 08:55:00,4499,other
37,21027525,2022-06-01 10:10:22,2022-06-01 10:10:00,12694,o
37,21027525,2022-06-01 13:41:56,2022-06-01 13:42:00,3779,other
37,21027525,2022-06-01 14:44:55,2022-06-01 14:45:00,540,d
37,21027525,2022-06-01 14:53:55,2022-06-01 14:54:00,3797,other
37,21027525,2022-06-01 15:57:12,2022-06-01 15:57:00,1001,o
37,21027525,2022-06-01 16:13:53,2022-06-01 16:14:00,3608,other
37,21027525,2022-06-01 17:14:01,2022-06-01 17:14:00,593,d
37,21027525,2022-06-01 17:23:54,2022-06-01 17:24:00,4290,other
37,21027525,2022-06-01 18:35:24,2022-06-01 18:35:00,5188,o
37,21027525,2022-06-01 20:01:52,2022-06-01 20:02:00,3770,other
37,21027525,2022-06-01 21:04:42,2022-06-01 21:05:00,261,d
37,21027525,2022-06-01 21:09:03,2022-06-01 21:09:00,3850,other
37,21027532,2022-06-01 00:00:00,2022-06-01 00:00:00,26514,o
37,21027532,2022-06-01 07:21:54,2022-06-01 07:22:00,4590,other
37,21027532,2022-06-01 08:38:24,2022-06-01 08:38:00,381,d
37,21027532,2022-06-01 08:44:45,2022-06-01 08:45:00,4347,other
37,21027532,2022-06-01 09:57:12,2022-06-01 09:57:00,3762,o
37,21027532,2022-06-01 10:59:54,2022-06-01 11:00:00,3814,other
37,21027532,2022-06-01 12:03:28,2022-06-01 12:03:00,511,d
37,21027532,2022-06-01 12:11:59,2022-06-01 12:12:00,3753,other
37,21027532,2022-06-01 13:14:32,2022-06-01 13:15:00,5230,o
37,21027532,2022-06-01 14:41:42,2022-06-01 14:42:00,3795,other
37,21027532,2022-06-01 15:44:57,2022-06-01 15:45:00,592,d
37,21027532,2022-06-01 15:54:49,2022-06-01 15:55:00,3928,other
37,21027532,2022-06-01 17:00:17,2022-06-01 17:00:00,5490,o
37,21027532,2022-06-01 18:31:47,2022-06-01 18:32:00,4083,other
37,21027532,2022-06-01 19:39:50,2022-06-01 19:40:00,321,d
37,21027532,2022-06-01 19:45:11,2022-06-01 19:45:00,3932,other
37,21027537,2022-06-01 00:00:01,2022-06-01 00:00:00,25831,o
37,21027537,2022-06-01 07:10:32,2022-06-01 07:11:00,3727,other
37,21027537,2022-06-01 08:12:39,2022-06-01 08:13:00,503,d
37,21027537,2022-06-01 08:21:02,2022-06-01 08:21:00,4061,other
37,21027537,2022-06-01 09:28:43,2022-06-01 09:29:00,4443,o
37,21027537,2022-06-01 10:42:46,2022-06-01 10:43:00,3683,other
37,21027537,2022-06-01 11:44:09,2022-06-01 11:44:00,555,d
37,21027537,2022-06-01 11:53:24,2022-06-01 11:53:00,4079,other
37,21027537,2022-06-01 13:01:23,2022-06-01 13:01:00,631,o
37,21027537,2022-06-01 13:11:54,2022-06-01 13:12:00,3667,other
37,21027537,2022-06-01 14:13:01,2022-06-01 14:13:00,372,d
37,21027537,2022-06-01 14:19:13,2022-06-01 14:19:00,3813,other
37,21027537,2022-06-01 15:22:46,2022-06-01 15:23:00,6885,o
37,21027537,2022-06-01 17:17:31,2022-06-01 17:18:00,4501,other
37,21027537,2022-06-01 18:32:32,2022-06-01 18:33:00,391,d
37,21027537,2022-06-01 18:39:03,2022-06-01 18:39:00,3558,other
37,21027544,2022-06-01 00:00:02,2022-06-01 00:00:00,24699,o
37,21027544,2022-06-01 06:51:41,2022-06-01 06:52:00,3763,other
37,21027544,2022-06-01 07:54:24,2022-06-01 07:54:00,361,d
37,21027544,2022-06-01 08:00:25,2022-06-01 08:00:00,4336,other
37,21027544,2022-06-01 09:12:41,2022-06-01 09:13:00,1987,o
37,21027544,2022-06-01 09:45:48,2022-06-01 09:46:00,4184,other
37,21027544,2022-06-01 10:55:32,2022-06-01 10:56:00,260,d
37,21027544,2022-06-01 10:59:52,2022-06-01 11:00:00,3934,other
37,21027544,2022-06-01 12:05:26,2022-06-01 12:05:00,8183,o
37,21027544,2022-06-01 14:21:49,2022-06-01 14:22:00,3858,other
37,21027544,2022-06-01 15:26:07,2022-06-01 15:26:00,763,d
37,21027544,2022-06-01 15:38:50,2022-06-01 15:39:00,3900,other
37,21027544,2022-06-01 16:43:50,2022-06-01 16:44:00,4447,o
37,21027544,2022-06-01 17:57:57,2022-06-01 17:58:00,4255,other
37,21027544,2022-06-01 19:08:52,2022-06-01 19:09:00,331,d
37,21027544,2022-06-01 19:14:23,2022-06-01 19:14:00,3718,other
37,21027544,2022-06-01 20:16:21,2022-06-01 20:16:00,5506,o
37,21027544,2022-06-01 21:48:07,2022-06-01 21:48:00,3211,other
37,21027544,2022-06-01 22:41:38,2022-06-01 22:42:00,552,d
37,21027544,2022-06-01 22:50:50,2022-06-01 22:51:00,3041,other
37,21027551,2022-06-01 00:00:03,2022-06-01 00:00:00,25014,o
37,21027551,2022-06-01 06:56:57,2022-06-01 06:57:00,3861,other
37,21027551,2022-06-01 08:01:18,2022-06-01 08:01:00,321,d
37,21027551,2022-06-01 08:06:39,2022-06-01 08:07:00,4213,other
37,21027551,2022-06-01 09:16:52,2022-06-01 09:17:00,8118,o
37,21027551,2022-06-01 11:32:10,2022-06-01 11:32:00,3448,other
37,21027551,2022-06-01 12:29:38,2022-06-01 12:30:00,423,d
37,21027551,2022-06-01 12:36:41,2022-06-01 12:37:00,3733,other
37,21027551,2022-06-01 13:38:54,2022-06-01 13:39:00,1362,o
37,21027551,2022-06-01 14:01:36,2022-06-01 14:02:00,3389,other
37,21027551,2022-06-01 14:58:05,2022-06-01 14:58:00,695,d
37,21027551,2022-06-01 15:09:40,2022-06-01 15:10:00,3506,other
37,21027551,2022-06-01 16:08:06,2022-06-01 16:08:00,4910,o
37,21027551,2022-06-01 17:29:56,2022-06-01 17:30:00,4384,other
37,21027551,2022-06-01 18:43:00,2022-06-01 18:43:00,461,d
37,21027551,2022-06-01 18:50:41,2022-06-01 18:51:00,3511,other
37,21027551,2022-06-01 19:49:12,2022-06-01 19:49:00,5262,o
37,21027551,2022-06-01 21:16:54,2022-06-01 21:17:00,3361,other
37,21027551,2022-06-01 22:12:55,2022-06-01 22:13:00,492,d
37,21027551,2022-06-01 22:21:07,2022-06-01 22:21:00,3040,other
37,21027552,2022-06-01 00:00:08,2022-06-01 00:00:00,23503,o
37,21027552,2022-06-01 06:31:51,2022-06-01 06:32:00,3261,other
37,21027552,2022-06-01 07:26:12,2022-06-01 07:26:00,362,d
37,21027552,2022-06-01 07:32:14,2022-06-01 07:32:00,4120,other
37,21027552,2022-06-01 08:40:54,2022-06-01 08:41:00,1507,o
37,21027552,2022-06-01 09:06:01,2022-06-01 09:06:00,4221,other
37,21027552,2022-06-01 10:16:22,2022-06-01 10:16:00,741,d
37,21027552,2022-06-01 10:28:43,2022-06-01 10:29:00,3894,other
37,21027552,2022-06-01 11:33:37,2022-06-01 11:34:00,10713,o
37,21027552,2022-06-01 14:32:10,2022-06-01 14:32:00,3839,other
37,21027552,2022-06-01 15:36:09,2022-06-01 15:36:00,691,d
37,21027552,2022-06-01 15:47:40,2022-06-01 15:48:00,4095,other
37,21027552,2022-06-01 16:55:55,2022-06-01 16:56:00,2767,o
37,21027552,2022-06-01 17:42:02,2022-06-01 17:42:00,4837,other
37,21027552,2022-06-01 19:02:39,2022-06-01 19:03:00,341,d
37,21027552,2022-06-01 19:08:20,2022-06-01 19:08:00,3898,other
37,21027552,2022-06-01 20:13:18,2022-06-01 20:13:00,4799,o
37,21027552,2022-06-01 21:33:17,2022-06-01 21:33:00,3393,other
37,21027552,2022-06-01 22:29:50,2022-06-01 22:30:00,343,d
37,21027552,2022-06-01 22:35:33,2022-06-01 22:36:00,3156,other
37,21027573,2022-06-01 00:00:04,2022-06-01 00:00:00,26981,o
37,21027573,2022-06-01 07:29:45,2022-06-01 07:30:00,4199,other
37,21027573,2022-06-01 08:39:44,2022-06-01 08:40:00,651,d
37,21027573,2022-06-01 08:50:35,2022-06-01 08:51:00,4318,other
37,21027573,2022-06-01 10:02:33,2022-06-01 10:03:00,12571,o
37,21027573,2022-06-01 13:32:04,2022-06-01 13:32:00,3400,other
37,21027573,2022-06-01 14:28:44,2022-06-01 14:29:00,662,d
37,21027573,2022-06-01 14:39:46,2022-06-01 14:40:00,3701,other
37,21027573,2022-06-01 15:41:27,2022-06-01 15:41:00,5030,o
37,21027573,2022-06-01 17:05:17,2022-06-01 17:05:00,4105,other
37,21027573,2022-06-01 18:13:42,2022-06-01 18:14:00,613,d
37,21027573,2022-06-01 18:23:55,2022-06-01 18:24:00,4344,other
37,21027573,2022-06-01 19:36:19,2022-06-01 19:36:00,5128,o
37,21027573,2022-06-01 21:01:47,2022-06-01 21:02:00,3730,other
37,21027573,2022-06-01 22:03:57,2022-06-01 22:04:00,371,d
37,21027573,2022-06-01 22:10:08,2022-06-01 22:10:00,3398,other
37,21027576,2022-06-01 00:05:03,2022-06-01 00:05:00,23844,o
37,21027576,2022-06-01 06:42:27,2022-06-01 06:42:00,3183,other
37,21027576,2022-06-01 07:35:30,2022-06-01 07:36:00,504,d
37,21027576,2022-06-01 07:43:54,2022-06-01 07:44:00,3651,other
37,21027576,2022-06-01 08:44:45,2022-06-01 08:45:00,2260,o
37,21027576,2022-06-01 09:22:25,2022-06-01 09:22:00,3924,other
37,21027576,2022-06-01 10:27:49,2022-06-01 10:28:00,664,d
37,21027576,2022-06-01 10:38:53,2022-06-01 10:39:00,3746,other
37,21027576,2022-06-01 11:41:19,2022-06-01 11:41:00,3671,o
37,21027576,2022-06-01 12:42:30,2022-06-01 12:42:00,3602,other
37,21027576,2022-06-01 13:42:32,2022-06-01 13:43:00,675,d
37,21027576,2022-06-01 13:53:47,2022-06-01 13:54:00,3746,other
37,21027576,2022-06-01 14:56:13,2022-06-01 14:56:00,2139,o
37,21027576,2022-06-01 15:31:52,2022-06-01 15:32:00,3661,other
37,21027576,2022-06-01 16:32:53,2022-06-01 16:33:00,523,d
37,21027576,2022-06-01 16:41:36,2022-06-01 16:42:00,4123,other
37,21027576,2022-06-01 17:50:19,2022-06-01 17:50:00,5200,o
37,21027576,2022-06-01 19:16:59,2022-06-01 19:17:00,3709,other
37,21027576,2022-06-01 20:18:48,2022-06-01 20:19:00,443,d
37,21027576,2022-06-01 20:26:11,2022-06-01 20:26:00,3856,other
37,21027588,2022-06-01 06:26:53,2022-06-01 06:27:00,1216,o
37,21027588,2022-06-01 06:47:09,2022-06-01 06:47:00,3777,other
37,21027588,2022-06-01 07:50:06,2022-06-01 07:50:00,210,d
37,21027588,2022-06-01 07:53:36,2022-06-01 07:54:00,4267,other
37,21027588,2022-06-01 09:04:43,2022-06-01 09:05:00,2008,o
37,21027588,2022-06-01 09:38:11,2022-06-01 09:38:00,4281,other
37,21027588,2022-06-01 10:49:32,2022-06-01 10:50:00,240,d
37,21027588,2022-06-01 10:53:32,2022-06-01 10:54:00,4132,other
37,21027588,2022-06-01 12:02:24,2022-06-01 12:02:00,482,o
37,21027588,2022-06-01 12:10:26,2022-06-01 12:10:00,7727,other
37,21027588,2022-06-01 14:19:13,2022-06-01 14:19:00,3756,o
37,21027588,2022-06-01 15:21:49,2022-06-01 15:22:00,3898,other
37,21027588,2022-06-01 16:26:47,2022-06-01 16:27:00,530,d
37,21027588,2022-06-01 16:35:37,2022-06-01 16:36:00,4479,other
37,21027588,2022-06-01 17:50:16,2022-06-01 17:50:00,10608,o
37,21027588,2022-06-01 20:47:04,2022-06-01 20:47:00,3992,other
37,21027588,2022-06-01 21:53:36,2022-06-01 21:54:00,381,d
37,21027588,2022-06-01 21:59:57,2022-06-01 22:00:00,3359,other
37,21027598,2022-06-01 06:04:58,2022-06-01 06:05:00,1546,d
37,21027598,2022-06-01 06:30:44,2022-06-01 06:31:00,3271,other
37,21027598,2022-06-01 07:25:15,2022-06-01 07:25:00,994,o
37,21027598,2022-06-01 07:41:49,2022-06-01 07:42:00,4097,other
37,21027598,2022-06-01 08:50:06,2022-06-01 08:50:00,672,d
37,21027598,2022-06-01 09:01:18,2022-06-01 09:01:00,4150,other
37,21027598,2022-06-01 10:10:28,2022-06-01 10:10:00,2334,o
37,21027598,2022-06-01 10:49:22,2022-06-01 10:49:00,3741,other
37,21027598,2022-06-01 11:51:43,2022-06-01 11:52:00,471,d
37,21027598,2022-06-01 11:59:34,2022-06-01 12:00:00,3860,other
37,21027598,2022-06-01 13:03:54,2022-06-01 13:04:00,1053,o
37,21027598,2022-06-01 13:21:27,2022-06-01 13:21:00,3894,other
37,21027598,2022-06-01 14:26:21,2022-06-01 14:26:00,564,d
37,21027598,2022-06-01 14:35:45,2022-06-01 14:36:00,3613,other
37,21027598,2022-06-01 15:35:58,2022-06-01 15:36:00,1425,o
37,21027598,2022-06-01 15:59:43,2022-06-01 16:00:00,3690,other
37,21027598,2022-06-01 17:01:13,2022-06-01 17:01:00,401,d
37,21027598,2022-06-01 17:07:54,2022-06-01 17:08:00,4246,other
37,21027598,2022-06-01 18:18:40,2022-06-01 18:19:00,2586,o
37,21027598,2022-06-01 19:01:46,2022-06-01 19:02:00,3647,other
37,21027598,2022-06-01 20:02:33,2022-06-01 20:03:00,564,d
37,21027598,2022-06-01 20:11:57,2022-06-01 20:12:00,3906,other
37,21027598,2022-06-01 21:17:03,2022-06-01 21:17:00,2807,o
37,21028220,2022-06-01 07:40:31,2022-06-01 07:41:00,3170,d
37,21028220,2022-06-01 08:33:21,2022-06-01 08:33:00,1112,o
37,21028220,2022-06-01 08:51:53,2022-06-01 08:52:00,3709,other
37,21028220,2022-06-01 09:53:42,2022-06-01 09:54:00,672,d
37,21028220,2022-06-01 10:04:54,2022-06-01 10:05:00,3693,other
37,21028220,2022-06-01 11:06:27,2022-06-01 11:06:00,4609,o
37,21028220,2022-06-01 12:23:16,2022-06-01 12:23:00,3569,other
37,21028220,2022-06-01 13:22:45,2022-06-01 13:23:00,523,d
37,21028220,2022-06-01 13:31:28,2022-06-01 13:31:00,3859,other
37,21028220,2022-06-01 14:35:47,2022-06-01 14:36:00,6922,o
37,21028220,2022-06-01 16:31:09,2022-06-01 16:31:00,3243,other
37,21028411,2022-06-01 06:31:07,2022-06-01 06:31:00,1416,d
37,21028411,2022-06-01 06:54:43,2022-06-01 06:55:00,3509,other
37,21028411,2022-06-01 07:53:12,2022-06-01 07:53:00,1095,o
37,21028411,2022-06-01 08:11:27,2022-06-01 08:11:00,4126,other
37,21028411,2022-06-01 09:20:13,2022-06-01 09:20:00,672,d
37,21028411,2022-06-01 09:31:25,2022-06-01 09:31:00,3958,other
37,21028411,2022-06-01 10:37:23,2022-06-01 10:37:00,4585,o
37,21028411,2022-06-01 11:53:48,2022-06-01 11:54:00,3643,other
37,21028411,2022-06-01 12:54:31,2022-06-01 12:55:00,493,d
37,21028411,2022-06-01 13:02:44,2022-06-01 13:03:00,3601,other
37,21028411,2022-06-01 14:02:45,2022-06-01 14:03:00,12166,o
37,21028411,2022-06-01 17:25:31,2022-06-01 17:26:00,5097,other
37,21028480,2022-06-01 06:41:47,2022-06-01 06:42:00,1296,o
37,21028480,2022-06-01 07:03:23,2022-06-01 07:03:00,3539,other
37,21028480,2022-06-01 08:02:22,2022-06-01 08:02:00,454,d
37,21028480,2022-06-01 08:09:56,2022-06-01 08:10:00,4241,other
37,21028480,2022-06-01 09:20:37,2022-06-01 09:21:00,2178,o
37,21028480,2022-06-01 09:56:55,2022-06-01 09:57:00,3826,other
37,21028480,2022-06-01 11:00:41,2022-06-01 11:01:00,770,d
37,21028480,2022-06-01 11:13:31,2022-06-01 11:14:00,3739,other
37,21028480,2022-06-01 12:15:50,2022-06-01 12:16:00,12521,o
37,21028480,2022-06-01 15:44:31,2022-06-01 15:45:00,3460,other
37,21028480,2022-06-01 16:42:11,2022-06-01 16:42:00,550,d
37,21028480,2022-06-01 16:51:21,2022-06-01 16:51:00,4100,other
37,21028481,2022-06-01 05:51:24,2022-06-01 05:51:00,1471,other
37,21028481,2022-06-01 06:15:55,2022-06-01 06:16:00,1330,o
37,21028481,2022-06-01 06:38:05,2022-06-01 06:38:00,3045,other
37,21028481,2022-06-01 07:28:50,2022-06-01 07:29:00,633,d
37,21028481,2022-06-01 07:39:23,2022-06-01 07:39:00,3929,other
37,21028481,2022-06-01 08:44:52,2022-06-01 08:45:00,2840,o
37,21028481,2022-06-01 09:32:12,2022-06-01 09:32:00,3805,other
37,21028481,2022-06-01 10:35:37,2022-06-01 10:36:00,551,d
37,21028481,2022-06-01 10:44:48,2022-06-01 10:45:00,3706,other
37,21028481,2022-06-01 11:46:34,2022-06-01 11:47:00,15655,o
37,21028487,2022-06-01 12:52:45,2022-06-01 12:53:00,11652,other
37,21028487,2022-06-01 16:06:57,2022-06-01 16:07:00,1344,d
37,21028487,2022-06-01 16:29:21,2022-06-01 16:29:00,4274,other
37,21028487,2022-06-01 17:40:35,2022-06-01 17:41:00,1252,o
37,21028535,2022-06-01 05:28:15,2022-06-01 05:28:00,1312,other
37,21028535,2022-06-01 05:50:07,2022-06-01 05:50:00,6760,o
37,21028535,2022-06-01 07:42:47,2022-06-01 07:43:00,3040,other
37,21028535,2022-06-01 08:33:27,2022-06-01 08:33:00,639,o
37,21028535,2022-06-01 08:44:06,2022-06-01 08:44:00,4143,other
37,21028535,2022-06-01 09:53:09,2022-06-01 09:53:00,230,d
37,21028535,2022-06-01 09:56:59,2022-06-01 09:57:00,3864,other
37,21028535,2022-06-01 11:01:23,2022-06-01 11:01:00,2807,o
37,21028535,2022-06-01 11:48:10,2022-06-01 11:48:00,3429,other
37,21028869,2022-06-01 07:08:22,2022-06-01 07:08:00,2663,o
37,21028869,2022-06-01 07:52:45,2022-06-01 07:53:00,3905,other
37,21028869,2022-06-01 08:57:50,2022-06-01 08:58:00,493,d
37,21028869,2022-06-01 09:06:03,2022-06-01 09:06:00,4195,other
37,21028869,2022-06-01 10:15:58,2022-06-01 10:16:00,20930,o
125,21032013,2022-06-01 06:27:44,2022-06-01 06:28:00,863,d
125,21032013,2022-06-01 06:42:07,2022-06-01 06:42:00,4028,other
125,21032013,2022-06-01 07:49:15,2022-06-01 07:49:00,2704,o
125,21032013,2022-06-01 08:34:19,2022-06-01 08:34:00,4354,other
125,21032013,2022-06-01 09:46:53,2022-06-01 09:47:00,634,d
125,21032013,2022-06-01 09:57:27,2022-06-01 09:57:00,4321,other
125,21032013,2022-06-01 11:09:28,2022-06-01 11:09:00,6224,o
125,21032013,2022-06-01 12:53:12,2022-06-01 12:53:00,3970,other
125,21032013,2022-06-01 13:59:22,2022-06-01 13:59:00,191,d
125,21032013,2022-06-01 14:02:33,2022-06-01 14:03:00,4649,other
125,21032013,2022-06-01 15:20:02,2022-06-01 15:20:00,6236,o
125,21032013,2022-06-01 17:03:58,2022-06-01 17:04:00,4316,other
125,21032013,2022-06-01 18:15:54,2022-06-01 18:16:00,551,d
125,21032013,2022-06-01 18:25:05,2022-06-01 18:25:00,4884,other
125,21032013,2022-06-01 19:46:29,2022-06-01 19:46:00,3711,o
125,21032042,2022-06-01 06:47:04,2022-06-01 06:47:00,952,d
125,21032042,2022-06-01 07:02:56,2022-06-01 07:03:00,4196,other
125,21032042,2022-06-01 08:12:52,2022-06-01 08:13:00,2759,o
125,21032042,2022-06-01 08:58:51,2022-06-01 08:59:00,4177,other
125,21032042,2022-06-01 10:08:28,2022-06-01 10:08:00,201,d
125,21032042,2022-06-01 10:11:49,2022-06-01 10:12:00,3755,other
125,21032042,2022-06-01 11:14:24,2022-06-01 11:14:00,9459,o
125,21032042,2022-06-01 13:52:03,2022-06-01 13:52:00,3675,other
125,21032042,2022-06-01 14:53:18,2022-06-01 14:53:00,473,d
125,21032042,2022-06-01 15:01:11,2022-06-01 15:01:00,4178,other
125,21032042,2022-06-01 16:10:49,2022-06-01 16:11:00,5597,o
125,21032042,2022-06-01 17:44:06,2022-06-01 17:44:00,3879,other
125,21032042,2022-06-01 18:48:45,2022-06-01 18:49:00,1465,d
125,21032042,2022-06-01 19:13:10,2022-06-01 19:13:00,4731,other
125,21032042,2022-06-01 20:32:01,2022-06-01 20:32:00,2806,o
125,21032095,2022-06-01 06:09:30,2022-06-01 06:10:00,1002,other
125,21032095,2022-06-01 06:26:12,2022-06-01 06:26:00,332,d
125,21032095,2022-06-01 06:31:44,2022-06-01 06:32:00,3704,other
125,21032095,2022-06-01 07:33:28,2022-06-01 07:33:00,2973,o
125,21032095,2022-06-01 08:23:01,2022-06-01 08:23:00,5017,other
125,21032095,2022-06-01 09:46:38,2022-06-01 09:47:00,290,d
125,21032095,2022-06-01 09:51:28,2022-06-01 09:51:00,4337,other
125,21032095,2022-06-01 11:03:45,2022-06-01 11:04:00,3559,o
125,21032095,2022-06-01 12:03:04,2022-06-01 12:03:00,3786,other
125,21032095,2022-06-01 13:06:10,2022-06-01 13:06:00,371,d
125,21032095,2022-06-01 13:12:21,2022-06-01 13:12:00,4130,other
125,21032095,2022-06-01 14:21:11,2022-06-01 14:21:00,4949,o
125,21032095,2022-06-01 15:43:40,2022-06-01 15:44:00,3782,other
125,21032095,2022-06-01 16:46:42,2022-06-01 16:47:00,311,d
125,21032095,2022-06-01 16:51:53,2022-06-01 16:52:00,4469,other
125,21032095,2022-06-01 18:06:22,2022-06-01 18:06:00,2478,o
125,21032098,2022-06-01 07:15:58,2022-06-01 07:16:00,778,o
125,21032098,2022-06-01 07:28:56,2022-06-01 07:29:00,4750,other
125,21032098,2022-06-01 08:48:06,2022-06-01 08:48:00,252,d
125,21032098,2022-06-01 08:52:18,2022-06-01 08:52:00,4533,other
125,21032098,2022-06-01 10:07:51,2022-06-01 10:08:00,2549,o
125,21032098,2022-06-01 10:50:20,2022-06-01 10:50:00,4177,other
125,21032098,2022-06-01 11:59:57,2022-06-01 12:00:00,171,d
125,21032098,2022-06-01 12:02:48,2022-06-01 12:03:00,4150,other
125,21032098,2022-06-01 13:11:58,2022-06-01 13:12:00,4834,o
125,21032098,2022-06-01 14:32:32,2022-06-01 14:33:00,3742,other
125,21032098,2022-06-01 15:34:54,2022-06-01 15:35:00,1662,d
125,21032098,2022-06-01 16:02:36,2022-06-01 16:03:00,4697,other
125,21032098,2022-06-01 17:20:53,2022-06-01 17:21:00,1979,o
125,21032098,2022-06-01 17:53:52,2022-06-01 17:54:00,4718,other
125,21032098,2022-06-01 19:12:30,2022-06-01 19:12:00,832,d
125,21032098,2022-06-01 19:26:22,2022-06-01 19:26:00,4576,other
125,21032130,2022-06-01 06:48:06,2022-06-01 06:48:00,1417,o
125,21032130,2022-06-01 07:11:43,2022-06-01 07:12:00,3883,other
125,21032130,2022-06-01 08:16:26,2022-06-01 08:16:00,302,d
125,21032130,2022-06-01 08:21:28,2022-06-01 08:21:00,4954,other
125,21032130,2022-06-01 09:44:02,2022-06-01 09:44:00,2256,o
125,21032130,2022-06-01 10:21:38,2022-06-01 10:22:00,4080,other
125,21032130,2022-06-01 11:29:38,2022-06-01 11:30:00,351,d
125,21032130,2022-06-01 11:35:29,2022-06-01 11:35:00,3853,other
125,21032130,2022-06-01 12:39:42,2022-06-01 12:40:00,3873,o
125,21032130,2022-06-01 13:44:15,2022-06-01 13:44:00,3912,other
125,21032130,2022-06-01 14:49:27,2022-06-01 14:49:00,151,d
125,21032130,2022-06-01 14:51:58,2022-06-01 14:52:00,4387,other
125,21032130,2022-06-01 16:05:05,2022-06-01 16:05:00,4456,o
125,21032130,2022-06-01 17:19:21,2022-06-01 17:19:00,4146,other
125,21032130,2022-06-01 18:28:27,2022-06-01 18:28:00,773,d
125,21032130,2022-06-01 18:41:20,2022-06-01 18:41:00,5052,other
125,21032136,2022-06-01 06:35:02,2022-06-01 06:35:00,583,o
125,21032136,2022-06-01 06:44:45,2022-06-01 06:45:00,3947,other
125,21032136,2022-06-01 07:50:32,2022-06-01 07:51:00,202,d
125,21032136,2022-06-01 07:53:54,2022-06-01 07:54:00,11955,other
125,21032136,2022-06-01 11:13:09,2022-06-01 11:13:00,903,d
125,21032136,2022-06-01 11:28:12,2022-06-01 11:28:00,3654,other
125,21032136,2022-06-01 12:29:06,2022-06-01 12:29:00,3150,o
125,21032136,2022-06-01 13:21:36,2022-06-01 13:22:00,3748,other
125,21032136,2022-06-01 14:24:04,2022-06-01 14:24:00,241,d
125,21032136,2022-06-01 14:28:05,2022-06-01 14:28:00,4240,other
125,21032136,2022-06-01 15:38:45,2022-06-01 15:39:00,3362,o
125,21032136,2022-06-01 16:34:47,2022-06-01 16:35:00,3816,other
125,21032136,2022-06-01 17:38:23,2022-06-01 17:38:00,1375,d
125,21032136,2022-06-01 18:01:18,2022-06-01 18:01:00,5057,other
125,21032165,2022-06-01 07:17:41,2022-06-01 07:18:00,6440,o
125,21032165,2022-06-01 09:05:01,2022-06-01 09:05:00,90,d
125,21032165,2022-06-01 09:06:31,2022-06-01 09:07:00,4863,other
125,21032165,2022-06-01 10:27:34,2022-06-01 10:28:00,1197,d
125,21032165,2022-06-01 10:47:31,2022-06-01 10:48:00,4019,other
125,21032165,2022-06-01 11:54:30,2022-06-01 11:54:00,3030,o
125,21032165,2022-06-01 12:45:00,2022-06-01 12:45:00,3871,other
125,21032165,2022-06-01 13:49:31,2022-06-01 13:50:00,162,d
125,21032165,2022-06-01 13:52:13,2022-06-01 13:52:00,4485,other
125,21032165,2022-06-01 15:06:58,2022-06-01 15:07:00,5858,o
125,21032165,2022-06-01 16:44:36,2022-06-01 16:45:00,5200,other
125,21032165,2022-06-01 18:11:16,2022-06-01 18:11:00,379,d
125,21032165,2022-06-01 18:17:35,2022-06-01 18:18:00,5656,other
125,21032165,2022-06-01 19:51:51,2022-06-01 19:52:00,2566,o
125,21032165,2022-06-01 20:34:37,2022-06-01 20:35:00,4218,other
125,21032165,2022-06-01 21:44:55,2022-06-01 21:45:00,1016,d
125,21032165,2022-06-01 22:01:51,2022-06-01 22:02:00,3765,other
125,21032172,2022-06-01 07:04:21,2022-06-01 07:04:00,1172,d
125,21032172,2022-06-01 07:23:53,2022-06-01 07:24:00,4388,other
125,21032172,2022-06-01 08:37:01,2022-06-01 08:37:00,2701,o
125,21032172,2022-06-01 09:22:02,2022-06-01 09:22:00,4465,other
125,21032172,2022-06-01 10:36:27,2022-06-01 10:36:00,91,d
125,21032172,2022-06-01 10:37:58,2022-06-01 10:38:00,3968,other
125,21032172,2022-06-01 11:44:06,2022-06-01 11:44:00,10901,o
125,21032172,2022-06-01 14:45:47,2022-06-01 14:46:00,3772,other
125,21032172,2022-06-01 15:48:39,2022-06-01 15:49:00,1313,d
125,21032172,2022-06-01 16:10:32,2022-06-01 16:11:00,4969,other
125,21032172,2022-06-01 17:33:21,2022-06-01 17:33:00,2380,o
125,21032172,2022-06-01 18:13:01,2022-06-01 18:13:00,3939,other
125,21032172,2022-06-01 19:18:40,2022-06-01 19:19:00,1841,d
125,21032172,2022-06-01 19:49:21,2022-06-01 19:49:00,4160,other
125,21032172,2022-06-01 20:58:41,2022-06-01 20:59:00,3082,o
125,21032199,2022-06-01 06:56:22,2022-06-01 06:56:00,964,d
125,21032199,2022-06-01 07:12:26,2022-06-01 07:12:00,3886,other
125,21032199,2022-06-01 08:17:12,2022-06-01 08:17:00,3200,o
125,21032199,2022-06-01 09:10:32,2022-06-01 09:11:00,4295,other
125,21032199,2022-06-01 10:22:07,2022-06-01 10:22:00,121,d
125,21032199,2022-06-01 10:24:08,2022-06-01 10:24:00,4154,other
125,21032199,2022-06-01 11:33:22,2022-06-01 11:33:00,9826,o
125,21032199,2022-06-01 14:17:08,2022-06-01 14:17:00,4076,other
125,21032199,2022-06-01 15:25:04,2022-06-01 15:25:00,130,d
125,21032199,2022-06-01 15:27:14,2022-06-01 15:27:00,5339,other
125,21032199,2022-06-01 16:56:13,2022-06-01 16:56:00,4062,o
125,21032199,2022-06-01 18:03:55,2022-06-01 18:04:00,5351,other
125,21032199,2022-06-01 19:33:06,2022-06-01 19:33:00,262,d
125,21032199,2022-06-01 19:37:28,2022-06-01 19:37:00,4381,other
125,21032199,2022-06-01 20:50:29,2022-06-01 20:50:00,2660,o
125,21032201,2022-06-01 07:07:24,2022-06-01 07:07:00,6756,o
125,21032201,2022-06-01 09:00:00,2022-06-01 09:00:00,401,d
125,21032201,2022-06-01 09:06:41,2022-06-01 09:07:00,4470,other
125,21032201,2022-06-01 10:21:11,2022-06-01 10:21:00,3798,o
125,21032201,2022-06-01 11:24:29,2022-06-01 11:24:00,3617,other
125,21032201,2022-06-01 12:24:46,2022-06-01 12:25:00,572,d
125,21032201,2022-06-01 12:34:18,2022-06-01 12:34:00,4008,other
125,21032201,2022-06-01 13:41:06,2022-06-01 13:41:00,6771,o
125,21032201,2022-06-01 15:33:57,2022-06-01 15:34:00,3964,other
125,21032201,2022-06-01 16:40:01,2022-06-01 16:40:00,1283,d
125,21032201,2022-06-01 17:01:24,2022-06-01 17:01:00,5403,other
125,21032226,2022-06-01 07:06:53,2022-06-01 07:07:00,1766,o
125,21032226,2022-06-01 07:36:19,2022-06-01 07:36:00,4372,other
125,21032226,2022-06-01 08:49:11,2022-06-01 08:49:00,503,d
125,21032226,2022-06-01 08:57:34,2022-06-01 08:58:00,4210,other
125,21032226,2022-06-01 10:07:44,2022-06-01 10:08:00,3010,o
125,21032226,2022-06-01 10:57:54,2022-06-01 10:58:00,3615,other
125,21032226,2022-06-01 11:58:09,2022-06-01 11:58:00,721,d
125,21032226,2022-06-01 12:10:10,2022-06-01 12:10:00,3875,other
125,21032226,2022-06-01 13:14:45,2022-06-01 13:15:00,6599,o
125,21032226,2022-06-01 15:04:44,2022-06-01 15:05:00,3763,other
125,21032226,2022-06-01 16:07:27,2022-06-01 16:07:00,1103,d
125,21032226,2022-06-01 16:25:50,2022-06-01 16:26:00,4324,other
125,21032226,2022-06-01 17:37:54,2022-06-01 17:38:00,3364,o
125,21032226,2022-06-01 18:33:58,2022-06-01 18:34:00,3821,other
125,21032226,2022-06-01 19:37:39,2022-06-01 19:38:00,2387,d
125,21032226,2022-06-01 20:17:26,2022-06-01 20:17:00,3914,other
125,21032329,2022-06-01 07:30:02,2022-06-01 07:30:00,1770,o
125,21032329,2022-06-01 07:59:32,2022-06-01 08:00:00,5762,other
125,21032329,2022-06-01 09:35:34,2022-06-01 09:36:00,362,d
125,21032329,2022-06-01 09:41:36,2022-06-01 09:42:00,4451,other
125,21032329,2022-06-01 10:55:47,2022-06-01 10:56:00,2872,o
125,21032329,2022-06-01 11:43:39,2022-06-01 11:44:00,4019,other
125,21032329,2022-06-01 12:50:38,2022-06-01 12:51:00,181,d
125,21032329,2022-06-01 12:53:39,2022-06-01 12:54:00,4292,other
125,21032329,2022-06-01 14:05:11,2022-06-01 14:05:00,7260,o
125,21032329,2022-06-01 16:06:11,2022-06-01 16:06:00,4019,other
125,21032341,2022-06-01 07:16:59,2022-06-01 07:17:00,1635,o
125,21032341,2022-06-01 07:44:14,2022-06-01 07:44:00,4423,other
125,21032341,2022-06-01 08:57:57,2022-06-01 08:58:00,220,d
125,21032341,2022-06-01 09:01:37,2022-06-01 09:02:00,4290,other
125,21032341,2022-06-01 10:13:07,2022-06-01 10:13:00,3711,o
125,21032341,2022-06-01 11:14:58,2022-06-01 11:15:00,3449,other
125,21032341,2022-06-01 12:12:27,2022-06-01 12:12:00,804,d
125,21032341,2022-06-01 12:25:51,2022-06-01 12:26:00,3905,other
125,21032341,2022-06-01 13:30:56,2022-06-01 13:31:00,6213,o
125,21032341,2022-06-01 15:14:29,2022-06-01 15:14:00,3518,other
125,21032341,2022-06-01 16:13:07,2022-06-01 16:13:00,1235,d
125,21032341,2022-06-01 16:33:42,2022-06-01 16:34:00,4349,other
125,21032341,2022-06-01 17:46:11,2022-06-01 17:46:00,4706,o
125,21032341,2022-06-01 19:04:37,2022-06-01 19:05:00,4610,other
125,21032341,2022-06-01 20:21:27,2022-06-01 20:21:00,681,d
125,21032341,2022-06-01 20:32:48,2022-06-01 20:33:00,3955,other
125,21032361,2022-06-01 07:05:35,2022-06-01 07:06:00,4933,o
125,21032361,2022-06-01 08:27:48,2022-06-01 08:28:00,812,d
125,21032361,2022-06-01 08:41:20,2022-06-01 08:41:00,4236,other
125,21032361,2022-06-01 09:51:56,2022-06-01 09:52:00,3040,o
125,21032361,2022-06-01 10:42:36,2022-06-01 10:43:00,3853,other
125,21032361,2022-06-01 11:46:49,2022-06-01 11:47:00,303,d
125,21032361,2022-06-01 11:51:52,2022-06-01 11:52:00,4339,other
125,21032361,2022-06-01 13:04:11,2022-06-01 13:04:00,3912,o
125,21032361,2022-06-01 14:09:23,2022-06-01 14:09:00,3555,other
125,21032361,2022-06-01 15:08:38,2022-06-01 15:09:00,1085,d
125,21032361,2022-06-01 15:26:43,2022-06-01 15:27:00,4135,other
125,21032374,2022-06-01 07:41:43,2022-06-01 07:42:00,614,o
125,21032374,2022-06-01 07:51:57,2022-06-01 07:52:00,4654,other
125,21032374,2022-06-01 09:09:31,2022-06-01 09:10:00,171,d
125,21032374,2022-06-01 09:12:22,2022-06-01 09:12:00,4448,other
125,21032374,2022-06-01 10:26:30,2022-06-01 10:26:00,4089,o
125,21032374,2022-06-01 11:34:39,2022-06-01 11:35:00,3588,other
125,21032374,2022-06-01 12:34:27,2022-06-01 12:34:00,473,d
125,21032374,2022-06-01 12:42:20,2022-06-01 12:42:00,4170,other
125,21032374,2022-06-01 13:51:50,2022-06-01 13:52:00,5557,o
125,21032374,2022-06-01 15:24:27,2022-06-01 15:24:00,3739,other
125,21032374,2022-06-01 16:26:46,2022-06-01 16:27:00,880,d
125,21032374,2022-06-01 16:41:26,2022-06-01 16:41:00,4862,other
125,21032374,2022-06-01 18:02:28,2022-06-01 18:02:00,4644,o
125,21032374,2022-06-01 19:19:52,2022-06-01 19:20:00,4506,other
125,21032374,2022-06-01 20:34:58,2022-06-01 20:35:00,682,d
125,21032374,2022-06-01 20:46:20,2022-06-01 20:46:00,4107,other
125,21032381,2022-06-01 06:20:37,2022-06-01 06:21:00,3533,o
125,21032381,2022-06-01 07:19:30,2022-06-01 07:20:00,4264,other
125,21032381,2022-06-01 08:30:34,2022-06-01 08:31:00,100,d
125,21032381,2022-06-01 08:32:14,2022-06-01 08:32:00,4312,other
125,21032381,2022-06-01 09:44:06,2022-06-01 09:44:00,2942,o
125,21032381,2022-06-01 10:33:08,2022-06-01 10:33:00,8239,other
125,21032381,2022-06-01 12:50:27,2022-06-01 12:50:00,4165,o
125,21032381,2022-06-01 13:59:52,2022-06-01 14:00:00,4245,other
125,21032381,2022-06-01 15:10:37,2022-06-01 15:11:00,130,d
125,21032381,2022-06-01 15:12:47,2022-06-01 15:13:00,4275,other
125,21032381,2022-06-01 16:24:02,2022-06-01 16:24:00,4243,o
125,21032381,2022-06-01 17:34:45,2022-06-01 17:35:00,4001,other
125,21032381,2022-06-01 18:41:26,2022-06-01 18:41:00,1205,d
125,21032381,2022-06-01 19:01:31,2022-06-01 19:02:00,4821,other
125,21032384,2022-06-01 07:20:57,2022-06-01 07:21:00,4409,o
125,21032384,2022-06-01 08:34:26,2022-06-01 08:34:00,751,d
125,21032384,2022-06-01 08:46:57,2022-06-01 08:47:00,4377,other
125,21032384,2022-06-01 09:59:54,2022-06-01 10:00:00,3952,o
125,21032384,2022-06-01 11:05:46,2022-06-01 11:06:00,3813,other
125,21032384,2022-06-01 12:09:19,2022-06-01 12:09:00,511,d
125,21032384,2022-06-01 12:17:50,2022-06-01 12:18:00,4049,other
125,21032384,2022-06-01 13:25:19,2022-06-01 13:25:00,3572,o
125,21032384,2022-06-01 14:24:51,2022-06-01 14:25:00,3607,other
125,21032384,2022-06-01 15:24:58,2022-06-01 15:25:00,1486,d
125,21032384,2022-06-01 15:49:44,2022-06-01 15:50:00,4231,other
125,21032391,2022-06-01 07:26:13,2022-06-01 07:26:00,611,d
125,21032391,2022-06-01 07:36:24,2022-06-01 07:36:00,4349,other
125,21032391,2022-06-01 08:48:53,2022-06-01 08:49:00,2786,o
125,21032391,2022-06-01 09:35:19,2022-06-01 09:35:00,4212,other
125,21032391,2022-06-01 10:45:31,2022-06-01 10:46:00,402,d
125,21032391,2022-06-01 10:52:13,2022-06-01 10:52:00,3893,other
125,21032391,2022-06-01 11:57:06,2022-06-01 11:57:00,10602,o
125,21032391,2022-06-01 14:53:48,2022-06-01 14:54:00,3796,other
125,21032391,2022-06-01 15:57:04,2022-06-01 15:57:00,1243,d
125,21032391,2022-06-01 16:17:47,2022-06-01 16:18:00,4297,other
125,21032391,2022-06-01 17:29:24,2022-06-01 17:29:00,3322,o
125,21032391,2022-06-01 18:24:46,2022-06-01 18:25:00,3741,other
125,21032391,2022-06-01 19:27:07,2022-06-01 19:27:00,2101,d
125,21032391,2022-06-01 20:02:08,2022-06-01 20:02:00,4190,other
125,21032391,2022-06-01 21:11:58,2022-06-01 21:12:00,3206,o
125,21032404,2022-06-01 07:22:32,2022-06-01 07:23:00,6106,o
125,21032404,2022-06-01 09:04:18,2022-06-01 09:04:00,793,d
125,21032404,2022-06-01 09:17:31,2022-06-01 09:18:00,4304,other
125,21032404,2022-06-01 10:29:15,2022-06-01 10:29:00,6872,o
125,21032404,2022-06-01 12:23:47,2022-06-01 12:24:00,4051,other
125,21032404,2022-06-01 13:31:18,2022-06-01 13:31:00,121,d
125,21032404,2022-06-01 13:33:19,2022-06-01 13:33:00,4314,other
125,21032404,2022-06-01 14:45:13,2022-06-01 14:45:00,5325,o
125,21032404,2022-06-01 16:13:58,2022-06-01 16:14:00,3898,other
125,21032404,2022-06-01 17:18:56,2022-06-01 17:19:00,800,d
125,21032404,2022-06-01 17:32:16,2022-06-01 17:32:00,6528,other
125,21032404,2022-06-01 19:21:04,2022-06-01 19:21:00,2600,o
125,21032404,2022-06-01 20:04:24,2022-06-01 20:04:00,3778,other
125,21032404,2022-06-01 21:07:22,2022-06-01 21:07:00,1504,d
125,21032404,2022-06-01 21:32:26,2022-06-01 21:32:00,4050,other
125,21037609,2022-06-01 06:42:21,2022-06-01 06:42:00,594,d
125,21037609,2022-06-01 06:52:15,2022-06-01 06:52:00,3909,other
125,21037609,2022-06-01 07:57:24,2022-06-01 07:57:00,2902,o
125,21037609,2022-06-01 08:45:46,2022-06-01 08:46:00,4017,other
125,21037609,2022-06-01 09:52:43,2022-06-01 09:53:00,643,d
125,21037609,2022-06-01 10:03:26,2022-06-01 10:03:00,4115,other
125,21037609,2022-06-01 11:12:01,2022-06-01 11:12:00,6765,o
125,21037609,2022-06-01 13:04:46,2022-06-01 13:05:00,3956,other
125,21037609,2022-06-01 14:10:42,2022-06-01 14:11:00,110,d
125,21037609,2022-06-01 14:12:32,2022-06-01 14:13:00,4357,other
125,21037609,2022-06-01 15:25:09,2022-06-01 15:25:00,7425,o
125,21037609,2022-06-01 17:28:54,2022-06-01 17:29:00,4032,other
125,21037609,2022-06-01 18:36:06,2022-06-01 18:36:00,974,d
125,21037609,2022-06-01 18:52:20,2022-06-01 18:52:00,4369,other
125,21037609,2022-06-01 20:05:09,2022-06-01 20:05:00,3503,o
125,21037618,2022-06-01 07:48:32,2022-06-01 07:49:00,1724,o
125,21037618,2022-06-01 08:17:16,2022-06-01 08:17:00,4242,other
125,21037618,2022-06-01 09:27:58,2022-06-01 09:28:00,1196,d
125,21037618,2022-06-01 09:47:54,2022-06-01 09:48:00,3915,other
125,21037618,2022-06-01 10:53:09,2022-06-01 10:53:00,4918,o
125,21037618,2022-06-01 12:15:07,2022-06-01 12:15:00,3525,other
125,21037618,2022-06-01 13:13:52,2022-06-01 13:14:00,480,d
125,21037618,2022-06-01 13:21:52,2022-06-01 13:22:00,4051,other
125,21037618,2022-06-01 14:29:23,2022-06-01 14:29:00,5703,o
125,21037618,2022-06-01 16:04:26,2022-06-01 16:04:00,4556,other
125,21037618,2022-06-01 17:20:22,2022-06-01 17:20:00,304,d
125,21037618,2022-06-01 17:25:26,2022-06-01 17:25:00,6205,other
125,21037618,2022-06-01 19:08:51,2022-06-01 19:09:00,2406,o
125,21037618,2022-06-01 19:48:57,2022-06-01 19:49:00,3888,other
125,21037618,2022-06-01 20:53:45,2022-06-01 20:54:00,1354,d
125,21037618,2022-06-01 21:16:19,2022-06-01 21:16:00,3892,other
125,21037619,2022-06-01 06:31:29,2022-06-01 06:31:00,1970,o
125,21037619,2022-06-01 07:04:19,2022-06-01 07:04:00,3875,other
125,21037619,2022-06-01 08:08:54,2022-06-01 08:09:00,141,d
125,21037619,2022-06-01 08:11:15,2022-06-01 08:11:00,4647,other
125,21037619,2022-06-01 09:28:42,2022-06-01 09:29:00,2481,o
125,21037619,2022-06-01 10:10:03,2022-06-01 10:10:00,3935,other
125,21037619,2022-06-01 11:15:38,2022-06-01 11:16:00,110,d
125,21037619,2022-06-01 11:17:28,2022-06-01 11:17:00,3996,other
125,21037619,2022-06-01 12:24:04,2022-06-01 12:24:00,4347,o
125,21037619,2022-06-01 13:36:31,2022-06-01 13:37:00,3906,other
125,21037619,2022-06-01 14:41:37,2022-06-01 14:42:00,100,d
125,21037619,2022-06-01 14:43:17,2022-06-01 14:43:00,3965,other
125,21037619,2022-06-01 15:49:22,2022-06-01 15:49:00,4920,o
125,21037619,2022-06-01 17:11:22,2022-06-01 17:11:00,4044,other
125,21037619,2022-06-01 18:18:46,2022-06-01 18:19:00,871,d
125,21037619,2022-06-01 18:33:17,2022-06-01 18:33:00,4880,other
125,21037620,2022-06-01 00:00:16,2022-06-01 00:00:00,33774,d
125,21037620,2022-06-01 09:23:10,2022-06-01 09:23:00,4125,other
125,21037620,2022-06-01 10:31:55,2022-06-01 10:32:00,7444,o
125,21037620,2022-06-01 12:35:59,2022-06-01 12:36:00,4057,other
125,21037620,2022-06-01 13:43:36,2022-06-01 13:44:00,550,d
125,21037620,2022-06-01 13:52:46,2022-06-01 13:53:00,3810,other
125,21037620,2022-06-01 14:56:16,2022-06-01 14:56:00,5353,o
125,21037620,2022-06-01 16:25:29,2022-06-01 16:25:00,3865,other
125,21037620,2022-06-01 17:29:54,2022-06-01 17:30:00,1294,d
125,21037620,2022-06-01 17:51:28,2022-06-01 17:51:00,5630,other
125,21037620,2022-06-01 19:25:18,2022-06-01 19:25:00,3314,o
125,21037620,2022-06-01 20:20:32,2022-06-01 20:21:00,5047,other
125,21037620,2022-06-01 21:44:39,2022-06-01 21:45:00,151,d
125,21037620,2022-06-01 21:47:10,2022-06-01 21:47:00,3806,other
125,21037633,2022-06-01 07:49:29,2022-06-01 07:49:00,1063,o
125,21037633,2022-06-01 08:07:12,2022-06-01 08:07:00,4565,other
125,21037633,2022-06-01 09:23:17,2022-06-01 09:23:00,492,d
125,21037633,2022-06-01 09:31:29,2022-06-01 09:31:00,4098,other
125,21037633,2022-06-01 10:39:47,2022-06-01 10:40:00,4436,o
125,21037633,2022-06-01 11:53:43,2022-06-01 11:54:00,3606,other
125,21037633,2022-06-01 12:53:49,2022-06-01 12:54:00,470,d
125,21037633,2022-06-01 13:01:39,2022-06-01 13:02:00,3822,other
125,21037633,2022-06-01 14:05:21,2022-06-01 14:05:00,6562,o
125,21037633,2022-06-01 15:54:43,2022-06-01 15:55:00,4504,other
125,21037633,2022-06-01 17:09:47,2022-06-01 17:10:00,220,d
125,21037633,2022-06-01 17:13:27,2022-06-01 17:13:00,6172,other
125,21037633,2022-06-01 18:56:19,2022-06-01 18:56:00,2346,o
125,21037633,2022-06-01 19:35:25,2022-06-01 19:35:00,3885,other
125,21037633,2022-06-01 20:40:10,2022-06-01 20:40:00,1303,d
125,21037633,2022-06-01 21:01:53,2022-06-01 21:02:00,4122,other
125,21037635,2022-06-01 06:17:31,2022-06-01 06:18:00,974,o
125,21037635,2022-06-01 06:33:45,2022-06-01 06:34:00,3632,other
125,21037635,2022-06-01 07:34:17,2022-06-01 07:34:00,783,d
125,21037635,2022-06-01 07:47:20,2022-06-01 07:47:00,4180,other
125,21037635,2022-06-01 08:57:00,2022-06-01 08:57:00,2997,o
125,21037635,2022-06-01 09:46:57,2022-06-01 09:47:00,4012,other
125,21037635,2022-06-01 10:53:49,2022-06-01 10:54:00,100,d
125,21037635,2022-06-01 10:55:29,2022-06-01 10:55:00,4035,other
125,21037635,2022-06-01 12:02:44,2022-06-01 12:03:00,4155,o
125,21037635,2022-06-01 13:11:59,2022-06-01 13:12:00,3763,other
125,21037635,2022-06-01 14:14:42,2022-06-01 14:15:00,300,d
125,21037635,2022-06-01 14:19:42,2022-06-01 14:20:00,4094,other
125,21037635,2022-06-01 15:27:56,2022-06-01 15:28:00,492,o
125,21037696,2022-06-01 06:27:25,2022-06-01 06:27:00,1603,o
125,21037696,2022-06-01 06:54:08,2022-06-01 06:54:00,3831,other
125,21037696,2022-06-01 07:57:59,2022-06-01 07:58:00,163,d
125,21037696,2022-06-01 08:00:42,2022-06-01 08:01:00,4332,other
125,21037696,2022-06-01 09:12:54,2022-06-01 09:13:00,2719,o
125,21037696,2022-06-01 09:58:13,2022-06-01 09:58:00,3882,other
125,21037696,2022-06-01 11:02:55,2022-06-01 11:03:00,310,d
125,21037696,2022-06-01 11:08:05,2022-06-01 11:08:00,3919,other
125,21037696,2022-06-01 12:13:24,2022-06-01 12:13:00,4537,o
125,21037696,2022-06-01 13:29:01,2022-06-01 13:29:00,3508,other
125,21037696,2022-06-01 14:27:29,2022-06-01 14:27:00,473,d
125,21037696,2022-06-01 14:35:22,2022-06-01 14:35:00,3948,other
125,21037696,2022-06-01 15:41:10,2022-06-01 15:41:00,4375,o
125,21037696,2022-06-01 16:54:05,2022-06-01 16:54:00,3553,other
125,21037696,2022-06-01 17:53:18,2022-06-01 17:53:00,1002,d
125,21037696,2022-06-01 18:10:00,2022-06-01 18:10:00,5324,other
228,21022060,2022-06-01 06:41:19,2022-06-01 06:41:00,1444,d
228,21022060,2022-06-01 07:05:23,2022-06-01 07:05:00,1875,other
228,21022060,2022-06-01 07:36:38,2022-06-01 07:37:00,2307,o
228,21022060,2022-06-01 08:15:05,2022-06-01 08:15:00,2674,other
228,21022060,2022-06-01 08:59:39,2022-06-01 09:00:00,171,d
228,21022060,2022-06-01 09:02:30,2022-06-01 09:02:00,2028,other
228,21022060,2022-06-01 09:36:18,2022-06-01 09:36:00,2378,o
228,21022060,2022-06-01 10:15:56,2022-06-01 10:16:00,2253,other
228,21022060,2022-06-01 10:53:29,2022-06-01 10:53:00,191,d
228,21022060,2022-06-01 10:56:40,2022-06-01 10:57:00,1888,other
228,21022060,2022-06-01 11:28:08,2022-06-01 11:28:00,2892,o
228,21022060,2022-06-01 12:16:20,2022-06-01 12:16:00,2378,other
228,21022060,2022-06-01 12:55:58,2022-06-01 12:56:00,150,d
228,21022060,2022-06-01 12:58:28,2022-06-01 12:58:00,1940,other
228,21022060,2022-06-01 13:30:48,2022-06-01 13:31:00,3466,o
228,21022060,2022-06-01 14:28:34,2022-06-01 14:29:00,2361,other
228,21022060,2022-06-01 15:07:55,2022-06-01 15:08:00,140,d
228,21022060,2022-06-01 15:10:15,2022-06-01 15:10:00,2038,other
228,21022060,2022-06-01 15:44:13,2022-06-01 15:44:00,4075,o
228,21022060,2022-06-01 16:52:08,2022-06-01 16:52:00,2430,other
228,21022060,2022-06-01 17:32:38,2022-06-01 17:33:00,190,d
228,21022060,2022-06-01 17:35:48,2022-06-01 17:36:00,2555,other
228,21022060,2022-06-01 18:18:23,2022-06-01 18:18:00,2210,o
228,21022060,2022-06-01 18:55:13,2022-06-01 18:55:00,2732,other
228,21022060,2022-06-01 19:40:45,2022-06-01 19:41:00,714,d
228,21022075,2022-06-01 06:58:38,2022-06-01 06:59:00,1111,d
228,21022075,2022-06-01 07:17:09,2022-06-01 07:17:00,1838,other
228,21022075,2022-06-01 07:47:47,2022-06-01 07:48:00,2430,o
228,21022075,2022-06-01 08:28:17,2022-06-01 08:28:00,2130,other
228,21022075,2022-06-01 09:03:47,2022-06-01 09:04:00,132,d
228,21022075,2022-06-01 09:05:59,2022-06-01 09:06:00,1831,other
228,21022075,2022-06-01 09:36:30,2022-06-01 09:36:00,6602,o
228,21022075,2022-06-01 11:26:32,2022-06-01 11:27:00,2544,other
228,21022075,2022-06-01 12:08:56,2022-06-01 12:09:00,151,d
228,21022075,2022-06-01 12:11:27,2022-06-01 12:11:00,1874,other
228,21022075,2022-06-01 12:42:41,2022-06-01 12:43:00,4175,o
228,21022075,2022-06-01 13:52:16,2022-06-01 13:52:00,2498,other
228,21022075,2022-06-01 14:33:54,2022-06-01 14:34:00,131,d
228,21022075,2022-06-01 14:36:05,2022-06-01 14:36:00,1986,other
228,21022075,2022-06-01 15:09:11,2022-06-01 15:09:00,4707,o
228,21022075,2022-06-01 16:27:38,2022-06-01 16:28:00,2398,other
228,21022075,2022-06-01 17:07:36,2022-06-01 17:08:00,140,d
228,21022075,2022-06-01 17:09:56,2022-06-01 17:10:00,2101,other
228,21022075,2022-06-01 17:44:57,2022-06-01 17:45:00,3866,o
228,21022075,2022-06-01 18:49:23,2022-06-01 18:49:00,2582,other
228,21022075,2022-06-01 19:32:25,2022-06-01 19:32:00,824,d
228,21022075,2022-06-01 19:46:09,2022-06-01 19:46:00,1794,other
228,21022075,2022-06-01 20:16:03,2022-06-01 20:16:00,1687,o
228,21022075,2022-06-01 20:44:10,2022-06-01 20:44:00,2479,other
228,21022075,2022-06-01 21:25:29,2022-06-01 21:25:00,240,d
228,21022152,2022-06-01 06:19:08,2022-06-01 06:19:00,1362,d
228,21022152,2022-06-01 06:41:50,2022-06-01 06:42:00,1847,other
228,21022152,2022-06-01 07:12:37,2022-06-01 07:13:00,2486,o
228,21022152,2022-06-01 07:54:03,2022-06-01 07:54:00,2399,other
228,21022152,2022-06-01 08:34:02,2022-06-01 08:34:00,161,d
228,21022152,2022-06-01 08:36:43,2022-06-01 08:37:00,1653,other
228,21022152,2022-06-01 09:04:16,2022-06-01 09:04:00,3607,o
228,21022152,2022-06-01 10:04:23,2022-06-01 10:04:00,2217,other
228,21022152,2022-06-01 10:41:20,2022-06-01 10:41:00,222,d
228,21022152,2022-06-01 10:45:02,2022-06-01 10:45:00,1613,other
228,21022152,2022-06-01 11:11:55,2022-06-01 11:12:00,3163,o
228,21022152,2022-06-01 12:04:38,2022-06-01 12:05:00,2097,other
228,21022152,2022-06-01 12:39:35,2022-06-01 12:40:00,120,d
228,21022152,2022-06-01 12:41:35,2022-06-01 12:42:00,1808,other
228,21022152,2022-06-01 13:11:43,2022-06-01 13:12:00,3936,o
228,21022152,2022-06-01 14:17:19,2022-06-01 14:17:00,2294,other
228,21022152,2022-06-01 14:55:33,2022-06-01 14:56:00,140,d
228,21022152,2022-06-01 14:57:53,2022-06-01 14:58:00,1803,other
228,21022152,2022-06-01 15:27:56,2022-06-01 15:28:00,4011,o
228,21022152,2022-06-01 16:34:47,2022-06-01 16:35:00,2120,other
228,21022152,2022-06-01 17:10:07,2022-06-01 17:10:00,192,d
228,21022156,2022-06-01 07:05:16,2022-06-01 07:05:00,2238,o
228,21022156,2022-06-01 07:42:34,2022-06-01 07:43:00,2882,other
228,21022156,2022-06-01 08:30:36,2022-06-01 08:31:00,180,d
228,21022156,2022-06-01 08:33:36,2022-06-01 08:34:00,1850,other
228,21022156,2022-06-01 09:04:26,2022-06-01 09:04:00,5647,o
228,21022156,2022-06-01 10:38:33,2022-06-01 10:39:00,2360,other
228,21022156,2022-06-01 11:17:53,2022-06-01 11:18:00,150,d
228,21022156,2022-06-01 11:20:23,2022-06-01 11:20:00,2078,other
228,21022156,2022-06-01 11:55:01,2022-06-01 11:55:00,5989,o
228,21022156,2022-06-01 13:34:50,2022-06-01 13:35:00,2347,other
228,21022156,2022-06-01 14:13:57,2022-06-01 14:14:00,150,d
228,21022156,2022-06-01 14:16:27,2022-06-01 14:16:00,1931,other
228,21022156,2022-06-01 14:48:38,2022-06-01 14:49:00,4565,o
228,21022156,2022-06-01 16:04:43,2022-06-01 16:05:00,2363,other
228,21022156,2022-06-01 16:44:06,2022-06-01 16:44:00,150,d
228,21022156,2022-06-01 16:46:36,2022-06-01 16:47:00,2014,other
228,21022156,2022-06-01 17:20:10,2022-06-01 17:20:00,3523,o
228,21022156,2022-06-01 18:18:53,2022-06-01 18:19:00,2347,other
228,21022156,2022-06-01 18:58:00,2022-06-01 18:58:00,713,d
228,21022156,2022-06-01 19:09:53,2022-06-01 19:10:00,1894,other
228,21022156,2022-06-01 19:41:27,2022-06-01 19:41:00,1377,o
228,21022156,2022-06-01 20:04:24,2022-06-01 20:04:00,2490,other
228,21022156,2022-06-01 20:45:54,2022-06-01 20:46:00,943,d
228,21022156,2022-06-01 21:01:37,2022-06-01 21:02:00,1914,other
228,21022158,2022-06-01 06:31:14,2022-06-01 06:31:00,806,o
228,21022158,2022-06-01 06:44:40,2022-06-01 06:45:00,2242,other
228,21022158,2022-06-01 07:22:02,2022-06-01 07:22:00,1424,d
228,21022158,2022-06-01 07:45:46,2022-06-01 07:46:00,1813,other
228,21022158,2022-06-01 08:15:59,2022-06-01 08:16:00,2923,o
228,21022158,2022-06-01 09:04:42,2022-06-01 09:05:00,4448,other
228,21022158,2022-06-01 10:18:50,2022-06-01 10:19:00,2713,o
228,21022158,2022-06-01 11:04:03,2022-06-01 11:04:00,2276,other
228,21022158,2022-06-01 11:41:59,2022-06-01 11:42:00,150,d
228,21022158,2022-06-01 11:44:29,2022-06-01 11:44:00,1903,other
228,21022158,2022-06-01 12:16:12,2022-06-01 12:16:00,3574,o
228,21022158,2022-06-01 13:15:46,2022-06-01 13:16:00,2334,other
228,21022158,2022-06-01 13:54:40,2022-06-01 13:55:00,200,d
228,21022158,2022-06-01 13:58:00,2022-06-01 13:58:00,2022,other
228,21022158,2022-06-01 14:31:42,2022-06-01 14:32:00,3363,o
228,21022158,2022-06-01 15:27:45,2022-06-01 15:28:00,2264,other
228,21022158,2022-06-01 16:05:29,2022-06-01 16:05:00,151,d
228,21022158,2022-06-01 16:08:00,2022-06-01 16:08:00,2050,other
228,21022158,2022-06-01 16:42:10,2022-06-01 16:42:00,4172,o
228,21022158,2022-06-01 17:51:42,2022-06-01 17:52:00,3028,other
228,21022158,2022-06-01 18:42:10,2022-06-01 18:42:00,161,d
228,21022158,2022-06-01 18:44:51,2022-06-01 18:45:00,1871,other
228,21022169,2022-06-01 06:35:21,2022-06-01 06:35:00,1254,o
228,21022169,2022-06-01 06:56:15,2022-06-01 06:56:00,2144,other
228,21022169,2022-06-01 07:31:59,2022-06-01 07:32:00,1123,d
228,21022169,2022-06-01 07:50:42,2022-06-01 07:51:00,1785,other
228,21022169,2022-06-01 08:20:27,2022-06-01 08:20:00,4040,o
228,21022169,2022-06-01 09:27:47,2022-06-01 09:28:00,2292,other
228,21022169,2022-06-01 10:05:59,2022-06-01 10:06:00,170,d
228,21022169,2022-06-01 10:08:49,2022-06-01 10:09:00,1721,other
228,21022169,2022-06-01 10:37:30,2022-06-01 10:38:00,6748,o
228,21022169,2022-06-01 12:29:58,2022-06-01 12:30:00,2031,other
228,21022169,2022-06-01 13:03:49,2022-06-01 13:04:00,150,d
228,21022169,2022-06-01 13:06:19,2022-06-01 13:06:00,1760,other
228,21022169,2022-06-01 13:35:39,2022-06-01 13:36:00,4556,o
228,21022169,2022-06-01 14:51:35,2022-06-01 14:52:00,2157,other
228,21022169,2022-06-01 15:27:32,2022-06-01 15:28:00,140,d
228,21022169,2022-06-01 15:29:52,2022-06-01 15:30:00,1796,other
228,21022169,2022-06-01 15:59:48,2022-06-01 16:00:00,4543,o
228,21022169,2022-06-01 17:15:31,2022-06-01 17:16:00,2797,other
228,21022169,2022-06-01 18:02:08,2022-06-01 18:02:00,210,d
228,21022169,2022-06-01 18:05:38,2022-06-01 18:06:00,1969,other
228,21022169,2022-06-01 18:38:27,2022-06-01 18:38:00,2382,o
228,21022169,2022-06-01 19:18:09,2022-06-01 19:18:00,2161,other
228,21022169,2022-06-01 19:54:10,2022-06-01 19:54:00,1302,d
228,21022169,2022-06-01 20:15:52,2022-06-01 20:16:00,1759,other
228,21022181,2022-06-01 07:26:12,2022-06-01 07:26:00,921,d
228,21022181,2022-06-01 07:41:33,2022-06-01 07:42:00,1840,other
228,21022181,2022-06-01 08:12:13,2022-06-01 08:12:00,2337,o
228,21022181,2022-06-01 08:51:10,2022-06-01 08:51:00,2578,other
228,21022181,2022-06-01 09:34:08,2022-06-01 09:34:00,141,d
228,21022181,2022-06-01 09:36:29,2022-06-01 09:36:00,1877,other
228,21022181,2022-06-01 10:07:46,2022-06-01 10:08:00,6225,o
228,21022181,2022-06-01 11:51:31,2022-06-01 11:52:00,2266,other
228,21022181,2022-06-01 12:29:17,2022-06-01 12:29:00,120,d
228,21022181,2022-06-01 12:31:17,2022-06-01 12:31:00,1787,other
228,21022181,2022-06-01 13:01:04,2022-06-01 13:01:00,5942,o
228,21022181,2022-06-01 14:40:06,2022-06-01 14:40:00,2035,other
228,21022181,2022-06-01 15:14:01,2022-06-01 15:14:00,161,d
228,21022181,2022-06-01 15:16:42,2022-06-01 15:17:00,1790,other
228,21022181,2022-06-01 15:46:32,2022-06-01 15:47:00,4646,o
228,21022181,2022-06-01 17:03:58,2022-06-01 17:04:00,2797,other
228,21022181,2022-06-01 17:50:35,2022-06-01 17:51:00,210,d
228,21022181,2022-06-01 17:54:05,2022-06-01 17:54:00,1942,other
228,21022181,2022-06-01 18:26:27,2022-06-01 18:26:00,2191,o
228,21022181,2022-06-01 19:02:58,2022-06-01 19:03:00,2450,other
228,21022181,2022-06-01 19:43:48,2022-06-01 19:44:00,1036,d
228,21022181,2022-06-01 20:01:04,2022-06-01 20:01:00,1842,other
228,21022181,2022-06-01 20:31:46,2022-06-01 20:32:00,1887,o
228,21022181,2022-06-01 21:03:13,2022-06-01 21:03:00,2056,other
228,21022181,2022-06-01 21:37:29,2022-06-01 21:37:00,111,d
228,21022193,2022-06-01 07:23:47,2022-06-01 07:24:00,584,o
228,21022193,2022-06-01 07:33:31,2022-06-01 07:34:00,2564,other
228,21022193,2022-06-01 08:16:15,2022-06-01 08:16:00,151,d
228,21022193,2022-06-01 08:18:46,2022-06-01 08:19:00,2274,other
228,21022193,2022-06-01 08:56:40,2022-06-01 08:57:00,5530,o
228,21022193,2022-06-01 10:28:50,2022-06-01 10:29:00,2533,other
228,21022193,2022-06-01 11:11:03,2022-06-01 11:11:00,151,d
228,21022193,2022-06-01 11:13:34,2022-06-01 11:14:00,1719,other
228,21022193,2022-06-01 11:42:13,2022-06-01 11:42:00,4918,o
228,21022193,2022-06-01 13:04:11,2022-06-01 13:04:00,2289,other
228,21022193,2022-06-01 13:42:20,2022-06-01 13:42:00,180,d
228,21022193,2022-06-01 13:45:20,2022-06-01 13:45:00,2173,other
228,21022193,2022-06-01 14:21:33,2022-06-01 14:22:00,4675,o
228,21022193,2022-06-01 15:39:28,2022-06-01 15:39:00,2177,other
228,21022193,2022-06-01 16:15:45,2022-06-01 16:16:00,311,d
228,21022193,2022-06-01 16:20:56,2022-06-01 16:21:00,2034,other
228,21022193,2022-06-01 16:54:50,2022-06-01 16:55:00,4106,o
228,21022193,2022-06-01 18:03:16,2022-06-01 18:03:00,2447,other
228,21022193,2022-06-01 18:44:03,2022-06-01 18:44:00,863,d
228,21022193,2022-06-01 18:58:26,2022-06-01 18:58:00,1789,other
228,21022193,2022-06-01 19:28:15,2022-06-01 19:28:00,1248,o
228,21022193,2022-06-01 19:49:03,2022-06-01 19:49:00,2519,other
228,21022193,2022-06-01 20:31:02,2022-06-01 20:31:00,952,d
228,21022193,2022-06-01 20:46:54,2022-06-01 20:47:00,1998,other
228,21022202,2022-06-01 06:43:13,2022-06-01 06:43:00,2061,o
228,21022202,2022-06-01 07:17:34,2022-06-01 07:18:00,2201,other
228,21022202,2022-06-01 07:54:15,2022-06-01 07:54:00,411,d
228,21022202,2022-06-01 08:01:06,2022-06-01 08:01:00,2083,other
228,21022202,2022-06-01 08:35:49,2022-06-01 08:36:00,3799,o
228,21022202,2022-06-01 09:39:08,2022-06-01 09:39:00,2639,other
228,21022202,2022-06-01 10:23:07,2022-06-01 10:23:00,141,d
228,21022202,2022-06-01 10:25:28,2022-06-01 10:25:00,1828,other
228,21022202,2022-06-01 10:55:56,2022-06-01 10:56:00,6198,o
228,21022202,2022-06-01 12:39:14,2022-06-01 12:39:00,2201,other
228,21022202,2022-06-01 13:15:55,2022-06-01 13:16:00,383,d
228,21022202,2022-06-01 13:22:18,2022-06-01 13:22:00,1958,other
228,21022202,2022-06-01 13:54:56,2022-06-01 13:55:00,4193,o
228,21022202,2022-06-01 15:04:49,2022-06-01 15:05:00,2250,other
228,21022202,2022-06-01 15:42:19,2022-06-01 15:42:00,170,d
228,21022202,2022-06-01 15:45:09,2022-06-01 15:45:00,2024,other
228,21022202,2022-06-01 16:18:53,2022-06-01 16:19:00,4086,o
228,21022202,2022-06-01 17:26:59,2022-06-01 17:27:00,2919,other
228,21022202,2022-06-01 18:15:38,2022-06-01 18:16:00,180,d
228,21022202,2022-06-01 18:18:38,2022-06-01 18:19:00,2000,other
228,21022202,2022-06-01 18:51:58,2022-06-01 18:52:00,2473,o
228,21022202,2022-06-01 19:33:11,2022-06-01 19:33:00,2195,other
228,21022202,2022-06-01 20:09:46,2022-06-01 20:10:00,1273,d
228,21022202,2022-06-01 20:30:59,2022-06-01 20:31:00,1795,other
228,21022208,2022-06-01 06:35:23,2022-06-01 06:35:00,1084,d
228,21022208,2022-06-01 06:53:27,2022-06-01 06:53:00,1607,other
228,21022208,2022-06-01 07:20:14,2022-06-01 07:20:00,2601,o
228,21022208,2022-06-01 08:03:35,2022-06-01 08:04:00,4806,other
228,21022208,2022-06-01 09:23:41,2022-06-01 09:24:00,5293,o
228,21022208,2022-06-01 10:51:54,2022-06-01 10:52:00,2532,other
228,21022208,2022-06-01 11:34:06,2022-06-01 11:34:00,150,d
228,21022208,2022-06-01 11:36:36,2022-06-01 11:37:00,1882,other
228,21022208,2022-06-01 12:07:58,2022-06-01 12:08:00,5458,o
228,21022208,2022-06-01 13:38:56,2022-06-01 13:39:00,2328,other
228,21022208,2022-06-01 14:17:44,2022-06-01 14:18:00,130,d
228,21022208,2022-06-01 14:19:54,2022-06-01 14:20:00,2018,other
228,21022208,2022-06-01 14:53:32,2022-06-01 14:54:00,4947,o
228,21022208,2022-06-01 16:15:59,2022-06-01 16:16:00,2094,other
228,21022208,2022-06-01 16:50:53,2022-06-01 16:51:00,130,d
228,21022208,2022-06-01 16:53:03,2022-06-01 16:53:00,1859,other
228,21022208,2022-06-01 17:24:02,2022-06-01 17:24:00,4186,o
228,21022208,2022-06-01 18:33:48,2022-06-01 18:34:00,2630,other
228,21022208,2022-06-01 19:17:38,2022-06-01 19:18:00,494,d
228,21022208,2022-06-01 19:25:52,2022-06-01 19:26:00,1895,other
228,21022208,2022-06-01 19:57:27,2022-06-01 19:57:00,1542,o
228,21022208,2022-06-01 20:23:09,2022-06-01 20:23:00,2555,other
228,21022208,2022-06-01 21:05:44,2022-06-01 21:06:00,172,d
228,21022403,2022-06-01 07:07:41,2022-06-01 07:08:00,1150,o
228,21022403,2022-06-01 07:26:51,2022-06-01 07:27:00,2512,other
228,21022403,2022-06-01 08:08:43,2022-06-01 08:09:00,241,d
228,21022403,2022-06-01 08:12:44,2022-06-01 08:13:00,2143,other
228,21022403,2022-06-01 08:48:27,2022-06-01 08:48:00,10329,o
228,21022403,2022-06-01 11:40:36,2022-06-01 11:41:00,5178,other
228,21022403,2022-06-01 13:06:54,2022-06-01 13:07:00,7780,o
228,21022403,2022-06-01 15:16:34,2022-06-01 15:17:00,2233,other
228,21022403,2022-06-01 15:53:47,2022-06-01 15:54:00,162,d
228,21022403,2022-06-01 15:56:29,2022-06-01 15:56:00,1972,other
228,21022403,2022-06-01 16:29:21,2022-06-01 16:29:00,4249,o
228,21022403,2022-06-01 17:40:10,2022-06-01 17:40:00,2887,other
228,21022403,2022-06-01 18:28:17,2022-06-01 18:28:00,291,d
228,21022403,2022-06-01 18:33:08,2022-06-01 18:33:00,1842,other
228,21022435,2022-06-01 06:57:41,2022-06-01 06:58:00,1898,d
228,21022435,2022-06-01 07:29:19,2022-06-01 07:29:00,1841,other
228,21022435,2022-06-01 08:00:00,2022-06-01 08:00:00,2408,o
228,21022435,2022-06-01 08:40:08,2022-06-01 08:40:00,2654,other
228,21022435,2022-06-01 09:24:22,2022-06-01 09:24:00,191,d
228,21022435,2022-06-01 09:27:33,2022-06-01 09:28:00,2142,other
228,21022435,2022-06-01 10:03:15,2022-06-01 10:03:00,5915,o
228,21022435,2022-06-01 11:41:50,2022-06-01 11:42:00,2223,other
228,21022435,2022-06-01 12:18:53,2022-06-01 12:19:00,130,d
228,21022435,2022-06-01 12:21:03,2022-06-01 12:21:00,1780,other
228,21022435,2022-06-01 12:50:43,2022-06-01 12:51:00,4501,o
228,21022435,2022-06-01 14:05:44,2022-06-01 14:06:00,2400,other
228,21022435,2022-06-01 14:45:44,2022-06-01 14:46:00,150,d
228,21022435,2022-06-01 14:48:14,2022-06-01 14:48:00,1890,other
228,21022435,2022-06-01 15:19:44,2022-06-01 15:20:00,4872,o
228,21022435,2022-06-01 16:40:56,2022-06-01 16:41:00,2691,other
228,21022435,2022-06-01 17:25:47,2022-06-01 17:26:00,130,d
228,21022435,2022-06-01 17:27:57,2022-06-01 17:28:00,1996,other
228,21022435,2022-06-01 18:01:13,2022-06-01 18:01:00,2321,o
228,21022435,2022-06-01 18:39:54,2022-06-01 18:40:00,2336,other
228,21022435,2022-06-01 19:18:50,2022-06-01 19:19:00,732,d
228,21025184,2022-06-01 10:41:05,2022-06-01 10:41:00,1700,other
228,21025184,2022-06-01 11:09:25,2022-06-01 11:09:00,6207,o
228,21025184,2022-06-01 12:52:52,2022-06-01 12:53:00,2356,other
228,21025184,2022-06-01 13:32:08,2022-06-01 13:32:00,140,d
228,21025184,2022-06-01 13:34:28,2022-06-01 13:34:00,2004,other
228,21028126,2022-06-01 05:02:39,2022-06-01 05:03:00,7467,o
228,21028126,2022-06-01 07:07:06,2022-06-01 07:07:00,2214,other
228,21028126,2022-06-01 07:44:00,2022-06-01 07:44:00,754,d
228,21028126,2022-06-01 07:56:34,2022-06-01 07:57:00,2151,other
228,21028126,2022-06-01 08:32:25,2022-06-01 08:32:00,2663,o
228,21028126,2022-06-01 09:16:48,2022-06-01 09:17:00,2321,other
228,21028126,2022-06-01 09:55:29,2022-06-01 09:55:00,211,d
228,21028126,2022-06-01 09:59:00,2022-06-01 09:59:00,1998,other
228,21028126,2022-06-01 10:32:18,2022-06-01 10:32:00,2593,o
228,21028126,2022-06-01 11:15:31,2022-06-01 11:16:00,2339,other
228,21028126,2022-06-01 11:54:30,2022-06-01 11:54:00,171,d
228,21028126,2022-06-01 11:57:21,2022-06-01 11:57:00,1941,other
228,21028126,2022-06-01 12:29:42,2022-06-01 12:30:00,12109,o
228,21028126,2022-06-01 15:51:31,2022-06-01 15:52:00,2351,other
228,21028126,2022-06-01 16:30:42,2022-06-01 16:31:00,142,d
